;mean_fit_time;std_fit_time;mean_score_time;std_score_time;param_max_depth;param_max_features;param_min_samples_leaf;param_min_samples_split;param_n_estimators;params;split0_test_score;split1_test_score;split2_test_score;split3_test_score;split4_test_score;mean_test_score;std_test_score;rank_test_score
33;4.712942504882813;0.02962762133240897;0.05758123397827149;0.0003735761353607318;;log2;1;10;100;{'max_depth': None, 'max_features': 'log2', 'min_samples_leaf': 1, 'min_samples_split': 10, 'n_estimators': 100};0.9999496494991446;0.9999529014375533;0.999991596285196;0.9999576039245949;0.9999860922011754;0.9999675686695328;1.7640680497030064e-05;1
6;4.7260411262512205;0.03334927874055216;0.059035634994506835;0.002996792751054763;;sqrt;1;10;100;{'max_depth': None, 'max_features': 'sqrt', 'min_samples_leaf': 1, 'min_samples_split': 10, 'n_estimators': 100};0.9999496494991446;0.9999529014375533;0.999991596285196;0.9999576039245949;0.9999860922011754;0.9999675686695328;1.7640680497030064e-05;1
276;4.708218097686768;0.02913491643735002;0.05724921226501465;0.0002790030648536474;20;log2;1;10;100;{'max_depth': 20, 'max_features': 'log2', 'min_samples_leaf': 1, 'min_samples_split': 10, 'n_estimators': 100};0.9999496494991446;0.9999529014375533;0.999991596285196;0.9999575537964555;0.9999860922011754;0.999967558643905;1.7646354187212643e-05;3
249;4.687021255493164;0.030640247217892047;0.05716028213500977;0.0006070804596696338;20;sqrt;1;10;100;{'max_depth': 20, 'max_features': 'sqrt', 'min_samples_leaf': 1, 'min_samples_split': 10, 'n_estimators': 100};0.9999496494991446;0.9999529014375533;0.999991596285196;0.9999575537964555;0.9999860922011754;0.999967558643905;1.7646354187212643e-05;3
7;9.40489330291748;0.045732692458643774;0.112115478515625;0.0007610369833930857;;sqrt;1;10;200;{'max_depth': None, 'max_features': 'sqrt', 'min_samples_leaf': 1, 'min_samples_split': 10, 'n_estimators': 200};0.9999491228151158;0.9999383933489785;0.9999926914230148;0.9999679167194282;0.99998879638528;0.9999673841383636;2.1322140666221957e-05;5
34;9.423610544204712;0.09131966648555544;0.11376237869262695;0.004149581889771088;;log2;1;10;200;{'max_depth': None, 'max_features': 'log2', 'min_samples_leaf': 1, 'min_samples_split': 10, 'n_estimators': 200};0.9999491228151158;0.9999383933489785;0.9999926914230148;0.9999679167194282;0.99998879638528;0.9999673841383636;2.1322140666221957e-05;5
250;9.342213535308838;0.05236524507652277;0.11032562255859375;0.0010053711741431727;20;sqrt;1;10;200;{'max_depth': 20, 'max_features': 'sqrt', 'min_samples_leaf': 1, 'min_samples_split': 10, 'n_estimators': 200};0.9999491228151158;0.9999383933489785;0.9999926914230148;0.9999678994837958;0.9999887962992214;0.9999673806740252;2.1322038391570146e-05;7
277;9.40896134376526;0.03917645653681289;0.11128411293029786;0.001170459883741011;20;log2;1;10;200;{'max_depth': 20, 'max_features': 'log2', 'min_samples_leaf': 1, 'min_samples_split': 10, 'n_estimators': 200};0.9999491228151158;0.9999383933489785;0.9999926914230148;0.9999678994837958;0.9999887962992214;0.9999673806740252;2.1322038391570146e-05;7
273;4.719385004043579;0.025459426900356977;0.0574282169342041;0.00021637184746550446;20;log2;1;5;100;{'max_depth': 20, 'max_features': 'log2', 'min_samples_leaf': 1, 'min_samples_split': 5, 'n_estimators': 100};0.9999517791825011;0.9999492627620172;0.9999901358870216;0.9999597417615439;0.9999852465489796;0.9999672332284127;1.712833186597033e-05;9
246;4.714906644821167;0.051697450357131754;0.05777187347412109;0.00042679675775498545;20;sqrt;1;5;100;{'max_depth': 20, 'max_features': 'sqrt', 'min_samples_leaf': 1, 'min_samples_split': 5, 'n_estimators': 100};0.9999517791825011;0.9999492627620172;0.9999901358870216;0.9999597417615439;0.9999852465489796;0.9999672332284127;1.712833186597033e-05;9
247;9.389230442047118;0.045804113158962545;0.11153020858764648;0.001008235977427074;20;sqrt;1;5;200;{'max_depth': 20, 'max_features': 'sqrt', 'min_samples_leaf': 1, 'min_samples_split': 5, 'n_estimators': 200};0.9999504823642188;0.9999348925607265;0.9999922446017994;0.9999695108484118;0.999988878848145;0.9999672018446603;2.2026322970815462e-05;11
274;9.408657836914063;0.05081161753873789;0.11106657981872559;0.0003254748770813007;20;log2;1;5;200;{'max_depth': 20, 'max_features': 'log2', 'min_samples_leaf': 1, 'min_samples_split': 5, 'n_estimators': 200};0.9999504823642188;0.9999348925607265;0.9999922446017994;0.9999695108484118;0.999988878848145;0.9999672018446603;2.2026322970815462e-05;11
4;9.44418249130249;0.05282285662286984;0.11205682754516602;0.0004051283141524283;;sqrt;1;5;200;{'max_depth': None, 'max_features': 'sqrt', 'min_samples_leaf': 1, 'min_samples_split': 5, 'n_estimators': 200};0.9999504868908269;0.9999348925607265;0.9999922446017994;0.9999676019844242;0.9999888676568106;0.9999668187389176;2.1996603706045476e-05;13
31;9.504613828659057;0.09460707999379815;0.11325087547302246;0.00058982483257999;;log2;1;5;200;{'max_depth': None, 'max_features': 'log2', 'min_samples_leaf': 1, 'min_samples_split': 5, 'n_estimators': 200};0.9999504868908269;0.9999348925607265;0.9999922446017994;0.9999676019844242;0.9999888676568106;0.9999668187389176;2.1996603706045476e-05;13
244;9.338921976089477;0.021635517401542202;0.11296558380126953;0.003694118316693788;20;sqrt;1;2;200;{'max_depth': 20, 'max_features': 'sqrt', 'min_samples_leaf': 1, 'min_samples_split': 2, 'n_estimators': 200};0.9999512985331191;0.9999307719478555;0.9999921372907764;0.9999684616405362;0.999989057679927;0.9999663454184429;2.3140555152002705e-05;15
271;9.404325389862061;0.02367138730251948;0.11117935180664062;0.0006749152025462824;20;log2;1;2;200;{'max_depth': 20, 'max_features': 'log2', 'min_samples_leaf': 1, 'min_samples_split': 2, 'n_estimators': 200};0.9999512985331191;0.9999307719478555;0.9999921372907764;0.9999684616405362;0.999989057679927;0.9999663454184429;2.3140555152002705e-05;15
30;4.765550947189331;0.04051712359525367;0.05866360664367676;0.0006378461756264736;;log2;1;5;100;{'max_depth': None, 'max_features': 'log2', 'min_samples_leaf': 1, 'min_samples_split': 5, 'n_estimators': 100};0.9999517969192254;0.9999492627620172;0.9999901358870216;0.9999552683433142;0.9999852195678749;0.9999663366958906;1.7597710675001877e-05;17
3;4.731620407104492;0.028204091413711267;0.0597996711730957;0.0017612249710061252;;sqrt;1;5;100;{'max_depth': None, 'max_features': 'sqrt', 'min_samples_leaf': 1, 'min_samples_split': 5, 'n_estimators': 100};0.9999517969192254;0.9999492627620172;0.9999901358870216;0.9999552683433142;0.9999852195678749;0.9999663366958906;1.7597710675001877e-05;17
243;4.664863634109497;0.02775364392651256;0.05711660385131836;0.0002690470835349218;20;sqrt;1;2;100;{'max_depth': 20, 'max_features': 'sqrt', 'min_samples_leaf': 1, 'min_samples_split': 2, 'n_estimators': 100};0.9999510016005472;0.9999439995588888;0.9999901538123146;0.9999589732883958;0.9999870294746832;0.999966231546966;1.8887686232020878e-05;19
270;4.751505661010742;0.04693580720387512;0.05708513259887695;0.00036406586040538843;20;log2;1;2;100;{'max_depth': 20, 'max_features': 'log2', 'min_samples_leaf': 1, 'min_samples_split': 2, 'n_estimators': 100};0.9999510016005472;0.9999439995588888;0.9999901538123146;0.9999589732883958;0.9999870294746832;0.999966231546966;1.8887686232020878e-05;19
275;23.49362006187439;0.12277631421017361;0.2720552921295166;0.0010970198256984134;20;log2;1;5;500;{'max_depth': 20, 'max_features': 'log2', 'min_samples_leaf': 1, 'min_samples_split': 5, 'n_estimators': 500};0.9999598635971093;0.9999396008860306;0.9999940181634626;0.9999455556470226;0.9999911771242183;0.9999660430835687;2.267790120014164e-05;21
248;23.412563943862914;0.04209985816075206;0.27863245010375975;0.013108319128856651;20;sqrt;1;5;500;{'max_depth': 20, 'max_features': 'sqrt', 'min_samples_leaf': 1, 'min_samples_split': 5, 'n_estimators': 500};0.9999598635971093;0.9999396008860306;0.9999940181634626;0.9999455556470226;0.9999911771242183;0.9999660430835687;2.267790120014164e-05;21
1;9.502357816696167;0.07229548804741208;0.11561250686645508;0.0024442182352532663;;sqrt;1;2;200;{'max_depth': None, 'max_features': 'sqrt', 'min_samples_leaf': 1, 'min_samples_split': 2, 'n_estimators': 200};0.9999513028585904;0.9999307719478555;0.9999921372907764;0.999966554315048;0.9999890487005407;0.9999659630225622;2.3115893310769545e-05;23
28;9.651765394210816;0.1808127373090375;0.11331067085266114;0.0011297584721531107;;log2;1;2;200;{'max_depth': None, 'max_features': 'log2', 'min_samples_leaf': 1, 'min_samples_split': 2, 'n_estimators': 200};0.9999513028585904;0.9999307719478555;0.9999921372907764;0.999966554315048;0.9999890487005407;0.9999659630225622;2.3115893310769545e-05;23
5;23.466844940185545;0.046717224995029526;0.28051156997680665;0.007139327378874509;;sqrt;1;5;500;{'max_depth': None, 'max_features': 'sqrt', 'min_samples_leaf': 1, 'min_samples_split': 5, 'n_estimators': 500};0.9999598627524955;0.9999396008860306;0.9999940196044969;0.9999444773090874;0.9999911740368977;0.9999658269178017;2.2875689419427105e-05;25
32;23.413133287429808;0.022888679709918813;0.2757774829864502;0.0074668736075579395;;log2;1;5;500;{'max_depth': None, 'max_features': 'log2', 'min_samples_leaf': 1, 'min_samples_split': 5, 'n_estimators': 500};0.9999598627524955;0.9999396008860306;0.9999940196044969;0.9999444773090874;0.9999911740368977;0.9999658269178017;2.2875689419427105e-05;25
251;23.790654611587524;0.1978066533236859;0.27924041748046874;0.006929072915316708;20;sqrt;1;10;500;{'max_depth': 20, 'max_features': 'sqrt', 'min_samples_leaf': 1, 'min_samples_split': 10, 'n_estimators': 500};0.9999603205882257;0.999939042943678;0.9999939677160348;0.9999448602065806;0.999990477037932;0.9999657336984903;2.274552005614099e-05;27
278;23.45218777656555;0.06799447556421749;0.2772215366363525;0.00954712506081964;20;log2;1;10;500;{'max_depth': 20, 'max_features': 'log2', 'min_samples_leaf': 1, 'min_samples_split': 10, 'n_estimators': 500};0.9999603205882257;0.999939042943678;0.9999939677160348;0.9999448602065806;0.999990477037932;0.9999657336984903;2.274552005614099e-05;27
8;23.44202947616577;0.03578235813679919;0.2832982540130615;0.007167941061142715;;sqrt;1;10;500;{'max_depth': None, 'max_features': 'sqrt', 'min_samples_leaf': 1, 'min_samples_split': 10, 'n_estimators': 500};0.9999603195551348;0.999939042943678;0.9999939540837522;0.9999448689652979;0.9999904772451726;0.9999657325586071;2.2740623000149156e-05;29
35;23.53081750869751;0.11874606606577373;0.2801321506500244;0.009218193040999292;;log2;1;10;500;{'max_depth': None, 'max_features': 'log2', 'min_samples_leaf': 1, 'min_samples_split': 10, 'n_estimators': 500};0.9999603195551348;0.999939042943678;0.9999939540837522;0.9999448689652979;0.9999904772451726;0.9999657325586071;2.2740623000149156e-05;29
272;23.4351767539978;0.07659317327725997;0.2709603786468506;0.0022522110511760413;20;log2;1;2;500;{'max_depth': 20, 'max_features': 'log2', 'min_samples_leaf': 1, 'min_samples_split': 2, 'n_estimators': 500};0.9999602286724877;0.9999360163759261;0.9999941727580579;0.9999463255792058;0.9999915945253252;0.9999656675822006;2.3527176977648546e-05;31
245;23.288247060775756;0.054044871605079016;0.2721711158752441;0.004386452586036272;20;sqrt;1;2;500;{'max_depth': 20, 'max_features': 'sqrt', 'min_samples_leaf': 1, 'min_samples_split': 2, 'n_estimators': 500};0.9999602286724877;0.9999360163759261;0.9999941727580579;0.9999463255792058;0.9999915945253252;0.9999656675822006;2.3527176977648546e-05;31
29;23.732782411575318;0.1537961236077229;0.28119964599609376;0.008581532198256;;log2;1;2;500;{'max_depth': None, 'max_features': 'log2', 'min_samples_leaf': 1, 'min_samples_split': 2, 'n_estimators': 500};0.9999602282274371;0.9999360163759261;0.9999941798589705;0.9999452728242135;0.9999915911748697;0.9999654576922834;2.3704383905592912e-05;33
2;23.423933887481688;0.02254493817779666;0.2853094100952148;0.0054662421927841156;;sqrt;1;2;500;{'max_depth': None, 'max_features': 'sqrt', 'min_samples_leaf': 1, 'min_samples_split': 2, 'n_estimators': 500};0.9999602282274371;0.9999360163759261;0.9999941798589705;0.9999452728242135;0.9999915911748697;0.9999654576922834;2.3704383905592912e-05;33
0;4.740213346481323;0.0248454800480151;0.059401416778564455;0.0008066899525952448;;sqrt;1;2;100;{'max_depth': None, 'max_features': 'sqrt', 'min_samples_leaf': 1, 'min_samples_split': 2, 'n_estimators': 100};0.9999510185327237;0.9999439995588888;0.9999901538123146;0.999954550979755;0.999987006419046;0.9999653458605456;1.9298086090306613e-05;35
27;4.783858299255371;0.0779971617297013;0.0626443862915039;0.007486861277239854;;log2;1;2;100;{'max_depth': None, 'max_features': 'log2', 'min_samples_leaf': 1, 'min_samples_split': 2, 'n_estimators': 100};0.9999510185327237;0.9999439995588888;0.9999901538123146;0.999954550979755;0.999987006419046;0.9999653458605456;1.9298086090306613e-05;35
15;4.700700569152832;0.028192891412017158;0.05913686752319336;0.0020226634527822245;;sqrt;2;10;100;{'max_depth': None, 'max_features': 'sqrt', 'min_samples_leaf': 2, 'min_samples_split': 10, 'n_estimators': 100};0.9999341466146328;0.9999313287125521;0.9999883588663432;0.9999483185410247;0.9999764576099471;0.9999557220689;2.2849382904661802e-05;37
42;4.710559749603272;0.029882067716545002;0.057427263259887694;0.0005981963409518718;;log2;2;10;100;{'max_depth': None, 'max_features': 'log2', 'min_samples_leaf': 2, 'min_samples_split': 10, 'n_estimators': 100};0.9999341466146328;0.9999313287125521;0.9999883588663432;0.9999483185410247;0.9999764576099471;0.9999557220689;2.2849382904661802e-05;37
285;4.702568626403808;0.0230224620194341;0.057152938842773435;0.00031041181202108044;20;log2;2;10;100;{'max_depth': 20, 'max_features': 'log2', 'min_samples_leaf': 2, 'min_samples_split': 10, 'n_estimators': 100};0.9999341466146328;0.9999313287125521;0.9999883588663432;0.999948251953266;0.9999764576099471;0.9999557087513484;2.2853713096208587e-05;39
258;4.699811887741089;0.026209761954388344;0.05779423713684082;0.0005417769275170083;20;sqrt;2;10;100;{'max_depth': 20, 'max_features': 'sqrt', 'min_samples_leaf': 2, 'min_samples_split': 10, 'n_estimators': 100};0.9999341466146328;0.9999313287125521;0.9999883588663432;0.999948251953266;0.9999764576099471;0.9999557087513484;2.2853713096208587e-05;39
43;9.39077320098877;0.039479019437923;0.11121487617492676;0.0010191558279365298;;log2;2;10;200;{'max_depth': None, 'max_features': 'log2', 'min_samples_leaf': 2, 'min_samples_split': 10, 'n_estimators': 200};0.999932250089767;0.9999138830961202;0.9999901674197044;0.999958690128471;0.9999813038671528;0.9999552589202431;2.8810001339105297e-05;41
16;9.373392820358276;0.030161349207206183;0.11134939193725586;0.0006238222627914936;;sqrt;2;10;200;{'max_depth': None, 'max_features': 'sqrt', 'min_samples_leaf': 2, 'min_samples_split': 10, 'n_estimators': 200};0.999932250089767;0.9999138830961202;0.9999901674197044;0.999958690128471;0.9999813038671528;0.9999552589202431;2.8810001339105297e-05;41
286;9.378512382507324;0.0402431065832377;0.11114931106567383;0.0006480959385891254;20;log2;2;10;200;{'max_depth': 20, 'max_features': 'log2', 'min_samples_leaf': 2, 'min_samples_split': 10, 'n_estimators': 200};0.999932250089767;0.9999138830961202;0.9999901674197044;0.999958659234948;0.999981330325904;0.9999552580332887;2.8814054784625677e-05;43
259;9.376947402954102;0.056713419833456354;0.11137127876281738;0.0008399194519592869;20;sqrt;2;10;200;{'max_depth': 20, 'max_features': 'sqrt', 'min_samples_leaf': 2, 'min_samples_split': 10, 'n_estimators': 200};0.999932250089767;0.9999138830961202;0.9999901674197044;0.999958659234948;0.999981330325904;0.9999552580332887;2.8814054784625677e-05;43
255;4.73330545425415;0.027668097437149666;0.05788764953613281;0.0006637114647391378;20;sqrt;2;5;100;{'max_depth': 20, 'max_features': 'sqrt', 'min_samples_leaf': 2, 'min_samples_split': 5, 'n_estimators': 100};0.9999362447112622;0.9999270023421442;0.9999866914109997;0.999949833210357;0.9999764772493573;0.9999552497848241;2.2924359206246686e-05;45
282;4.714840412139893;0.028951106062374034;0.0570683479309082;0.0003802544488087371;20;log2;2;5;100;{'max_depth': 20, 'max_features': 'log2', 'min_samples_leaf': 2, 'min_samples_split': 5, 'n_estimators': 100};0.9999362447112622;0.9999270023421442;0.9999866914109997;0.999949833210357;0.9999764772493573;0.9999552497848241;2.2924359206246686e-05;45
12;4.719480800628662;0.0320941954342831;0.05733680725097656;0.0004805822643733711;;sqrt;2;5;100;{'max_depth': None, 'max_features': 'sqrt', 'min_samples_leaf': 2, 'min_samples_split': 5, 'n_estimators': 100};0.9999362425552709;0.9999270023421442;0.9999866914109997;0.9999497594482837;0.9999764772493573;0.9999552346012113;2.292822078983928e-05;47
39;4.7127439975738525;0.0256816161694643;0.057515621185302734;0.00024245451038271338;;log2;2;5;100;{'max_depth': None, 'max_features': 'log2', 'min_samples_leaf': 2, 'min_samples_split': 5, 'n_estimators': 100};0.9999362425552709;0.9999270023421442;0.9999866914109997;0.9999497594482837;0.9999764772493573;0.9999552346012113;2.292822078983928e-05;47
283;9.380188369750977;0.03526051834888048;0.11078925132751465;0.000273221425289176;20;log2;2;5;200;{'max_depth': 20, 'max_features': 'log2', 'min_samples_leaf': 2, 'min_samples_split': 5, 'n_estimators': 200};0.9999353081899401;0.9999079348342798;0.9999896722705709;0.9999607890183599;0.9999824477168524;0.9999552304060005;3.0304085578037437e-05;49
256;9.40135440826416;0.03374405191679068;0.11202421188354492;0.0011705392363094275;20;sqrt;2;5;200;{'max_depth': 20, 'max_features': 'sqrt', 'min_samples_leaf': 2, 'min_samples_split': 5, 'n_estimators': 200};0.9999353081899401;0.9999079348342798;0.9999896722705709;0.9999607890183599;0.9999824477168524;0.9999552304060005;3.0304085578037437e-05;49
13;9.393545770645142;0.02478906364686047;0.11239256858825683;0.001190805661445822;;sqrt;2;5;200;{'max_depth': None, 'max_features': 'sqrt', 'min_samples_leaf': 2, 'min_samples_split': 5, 'n_estimators': 200};0.9999353079543544;0.9999079348342798;0.9999896722705709;0.9999607476432698;0.9999824278733135;0.9999552181151576;3.0299038265504916e-05;51
40;9.433859634399415;0.08478992129379592;0.11146807670593262;0.00037787204224523624;;log2;2;5;200;{'max_depth': None, 'max_features': 'log2', 'min_samples_leaf': 2, 'min_samples_split': 5, 'n_estimators': 200};0.9999353079543544;0.9999079348342798;0.9999896722705709;0.9999607476432698;0.9999824278733135;0.9999552181151576;3.0299038265504916e-05;51
253;9.595449829101563;0.08103648452505477;0.11478404998779297;0.004077161422458261;20;sqrt;2;2;200;{'max_depth': 20, 'max_features': 'sqrt', 'min_samples_leaf': 2, 'min_samples_split': 2, 'n_estimators': 200};0.9999362392819767;0.9999052435472479;0.9999895267097989;0.999960661645928;0.9999817590119398;0.9999546860393782;3.0878370808734946e-05;53
280;9.388975572586059;0.026379268814814748;0.11125926971435547;0.0010162476908125103;20;log2;2;2;200;{'max_depth': 20, 'max_features': 'log2', 'min_samples_leaf': 2, 'min_samples_split': 2, 'n_estimators': 200};0.9999362392819767;0.9999052435472479;0.9999895267097989;0.999960661645928;0.9999817590119398;0.9999546860393782;3.0878370808734946e-05;53
10;9.390828561782836;0.019477871307479563;0.11368341445922851;0.0028383124379847643;;sqrt;2;2;200;{'max_depth': None, 'max_features': 'sqrt', 'min_samples_leaf': 2, 'min_samples_split': 2, 'n_estimators': 200};0.9999362394473452;0.9999052435472479;0.9999895267097989;0.9999606569815138;0.9999817392498944;0.9999546811871601;3.087470593400343e-05;55
37;9.432488012313843;0.020239910261414536;0.1119499683380127;0.0006237434197667359;;log2;2;2;200;{'max_depth': None, 'max_features': 'log2', 'min_samples_leaf': 2, 'min_samples_split': 2, 'n_estimators': 200};0.9999362394473452;0.9999052435472479;0.9999895267097989;0.9999606569815138;0.9999817392498944;0.9999546811871601;3.087470593400343e-05;55
279;4.717997121810913;0.03167407113831263;0.05731649398803711;0.00023970848193801414;20;log2;2;2;100;{'max_depth': 20, 'max_features': 'log2', 'min_samples_leaf': 2, 'min_samples_split': 2, 'n_estimators': 100};0.999935016493136;0.9999211255596334;0.999986284252103;0.9999489537615707;0.9999757251636353;0.9999534210460157;2.440961537922909e-05;57
252;4.733073759078979;0.06658753900359077;0.05810823440551758;0.0017243684387166288;20;sqrt;2;2;100;{'max_depth': 20, 'max_features': 'sqrt', 'min_samples_leaf': 2, 'min_samples_split': 2, 'n_estimators': 100};0.999935016493136;0.9999211255596334;0.999986284252103;0.9999489537615707;0.9999757251636353;0.9999534210460157;2.440961537922909e-05;57
9;4.713882684707642;0.031984158659487665;0.05831623077392578;0.0016159827252980898;;sqrt;2;2;100;{'max_depth': None, 'max_features': 'sqrt', 'min_samples_leaf': 2, 'min_samples_split': 2, 'n_estimators': 100};0.9999350159409615;0.9999211255596334;0.999986284252103;0.9999488999160068;0.9999757251636353;0.9999534101664681;2.441167890411068e-05;59
36;4.740595960617066;0.04392304410136035;0.05750265121459961;0.0003962092313742938;;log2;2;2;100;{'max_depth': None, 'max_features': 'log2', 'min_samples_leaf': 2, 'min_samples_split': 2, 'n_estimators': 100};0.9999350159409615;0.9999211255596334;0.999986284252103;0.9999488999160068;0.9999757251636353;0.9999534101664681;2.441167890411068e-05;59
257;23.40102219581604;0.03196613038749012;0.272206974029541;0.001502907254169349;20;sqrt;2;5;500;{'max_depth': 20, 'max_features': 'sqrt', 'min_samples_leaf': 2, 'min_samples_split': 5, 'n_estimators': 500};0.9999447295914872;0.9999115416003713;0.9999917605210046;0.9999323178017951;0.9999859708324679;0.9999532640694252;3.099695790941277e-05;61
284;23.396849489212038;0.02766428579142219;0.27624049186706545;0.007914610535341345;20;log2;2;5;500;{'max_depth': 20, 'max_features': 'log2', 'min_samples_leaf': 2, 'min_samples_split': 5, 'n_estimators': 500};0.9999447295914872;0.9999115416003713;0.9999917605210046;0.9999323178017951;0.9999859708324679;0.9999532640694252;3.099695790941277e-05;61
14;23.394650506973267;0.01608517073291338;0.2827573299407959;0.007134938933770023;;sqrt;2;5;500;{'max_depth': None, 'max_features': 'sqrt', 'min_samples_leaf': 2, 'min_samples_split': 5, 'n_estimators': 500};0.9999447271033536;0.9999115539469513;0.9999917501437017;0.9999322814045234;0.9999859681480283;0.9999532561493117;3.099555029267564e-05;63
41;23.423139142990113;0.0565463546208322;0.2807783603668213;0.0073612501424604555;;log2;2;5;500;{'max_depth': None, 'max_features': 'log2', 'min_samples_leaf': 2, 'min_samples_split': 5, 'n_estimators': 500};0.9999447271033536;0.9999115539469513;0.9999917501437017;0.9999322814045234;0.9999859681480283;0.9999532561493117;3.099555029267564e-05;63
11;23.451887989044188;0.043855809457373975;0.2788235664367676;0.007383190485108605;;sqrt;2;2;500;{'max_depth': None, 'max_features': 'sqrt', 'min_samples_leaf': 2, 'min_samples_split': 2, 'n_estimators': 500};0.9999458270748851;0.9999100373315731;0.9999917996999553;0.9999327630370776;0.9999856842901279;0.9999532222867238;3.124166731221583e-05;65
38;23.386808729171754;0.026524469331667695;0.27581334114074707;0.008236492630046869;;log2;2;2;500;{'max_depth': None, 'max_features': 'log2', 'min_samples_leaf': 2, 'min_samples_split': 2, 'n_estimators': 500};0.9999458270748851;0.9999100373315731;0.9999917996999553;0.9999327630370776;0.9999856842901279;0.9999532222867238;3.124166731221583e-05;65
281;23.419005489349367;0.06988915099142691;0.2709083080291748;0.0012536213160207934;20;log2;2;2;500;{'max_depth': 20, 'max_features': 'log2', 'min_samples_leaf': 2, 'min_samples_split': 2, 'n_estimators': 500};0.9999458296089765;0.9999100232031333;0.9999918064031817;0.9999327611145477;0.9999856870700465;0.9999532214799771;3.1247938395797524e-05;67
254;23.488043069839478;0.06106434437185499;0.27566018104553225;0.005643362325303903;20;sqrt;2;2;500;{'max_depth': 20, 'max_features': 'sqrt', 'min_samples_leaf': 2, 'min_samples_split': 2, 'n_estimators': 500};0.9999458296089765;0.9999100232031333;0.9999918064031817;0.9999327611145477;0.9999856870700465;0.9999532214799771;3.1247938395797524e-05;67
260;23.3765549659729;0.07253304326844756;0.27271299362182616;0.004246617289807357;20;sqrt;2;10;500;{'max_depth': 20, 'max_features': 'sqrt', 'min_samples_leaf': 2, 'min_samples_split': 10, 'n_estimators': 500};0.9999438523434544;0.9999114683021476;0.9999914493664063;0.9999307461446174;0.9999847636878761;0.9999524559689004;3.0950287305670066e-05;69
287;23.41033306121826;0.042834135444224625;0.27231221199035643;0.002548625021752606;20;log2;2;10;500;{'max_depth': 20, 'max_features': 'log2', 'min_samples_leaf': 2, 'min_samples_split': 10, 'n_estimators': 500};0.9999438523434544;0.9999114683021476;0.9999914493664063;0.9999307461446174;0.9999847636878761;0.9999524559689004;3.0950287305670066e-05;69
17;23.43479151725769;0.08101644408333386;0.2760787010192871;0.008235602520807394;;sqrt;2;10;500;{'max_depth': None, 'max_features': 'sqrt', 'min_samples_leaf': 2, 'min_samples_split': 10, 'n_estimators': 500};0.99994385041338;0.9999114721656056;0.9999914266451922;0.9999307576402937;0.9999847594611398;0.9999524532651222;3.0941151780764675e-05;71
44;23.405798530578615;0.06701902127919605;0.27216949462890627;0.000955278532693836;;log2;2;10;500;{'max_depth': None, 'max_features': 'log2', 'min_samples_leaf': 2, 'min_samples_split': 10, 'n_estimators': 500};0.99994385041338;0.9999114721656056;0.9999914266451922;0.9999307576402937;0.9999847594611398;0.9999524532651222;3.0941151780764675e-05;71
19;9.37080397605896;0.04337629523781587;0.11223773956298828;0.0008541015733763483;;sqrt;4;2;200;{'max_depth': None, 'max_features': 'sqrt', 'min_samples_leaf': 4, 'min_samples_split': 2, 'n_estimators': 200};0.9998939541972226;0.9998771741469632;0.9999824370443262;0.9999285653325297;0.999961129090808;0.99992865196237;3.9500650127882035e-05;73
22;9.422335767745972;0.0903007543993269;0.1124241828918457;0.001117372456857744;;sqrt;4;5;200;{'max_depth': None, 'max_features': 'sqrt', 'min_samples_leaf': 4, 'min_samples_split': 5, 'n_estimators': 200};0.9998939541972226;0.9998771741469632;0.9999824370443262;0.9999285653325297;0.999961129090808;0.99992865196237;3.9500650127882035e-05;73
49;9.364847564697266;0.03739666045625108;0.11131482124328614;0.0005779856944359421;;log2;4;5;200;{'max_depth': None, 'max_features': 'log2', 'min_samples_leaf': 4, 'min_samples_split': 5, 'n_estimators': 200};0.9998939541972226;0.9998771741469632;0.9999824370443262;0.9999285653325297;0.999961129090808;0.99992865196237;3.9500650127882035e-05;73
46;9.362331008911132;0.03203896455146364;0.11137619018554687;0.0010009371077180328;;log2;4;2;200;{'max_depth': None, 'max_features': 'log2', 'min_samples_leaf': 4, 'min_samples_split': 2, 'n_estimators': 200};0.9998939541972226;0.9998771741469632;0.9999824370443262;0.9999285653325297;0.999961129090808;0.99992865196237;3.9500650127882035e-05;73
262;9.353094863891602;0.037069017805035444;0.1116495132446289;0.0012755142993774993;20;sqrt;4;2;200;{'max_depth': 20, 'max_features': 'sqrt', 'min_samples_leaf': 4, 'min_samples_split': 2, 'n_estimators': 200};0.9998937718985497;0.9998771741469632;0.9999824370443262;0.9999286057736697;0.999961129090808;0.9999286235908633;3.953272404595492e-05;77
292;9.36669716835022;0.0331872227337132;0.11076092720031738;0.0002545292700929635;20;log2;4;5;200;{'max_depth': 20, 'max_features': 'log2', 'min_samples_leaf': 4, 'min_samples_split': 5, 'n_estimators': 200};0.9998937718985497;0.9998771741469632;0.9999824370443262;0.9999286057736697;0.999961129090808;0.9999286235908633;3.953272404595492e-05;77
289;9.345705127716064;0.03840760054087567;0.11113386154174805;0.0004793854190584039;20;log2;4;2;200;{'max_depth': 20, 'max_features': 'log2', 'min_samples_leaf': 4, 'min_samples_split': 2, 'n_estimators': 200};0.9998937718985497;0.9998771741469632;0.9999824370443262;0.9999286057736697;0.999961129090808;0.9999286235908633;3.953272404595492e-05;77
265;9.376905345916748;0.03197787593727388;0.11113123893737793;0.0005550180796853142;20;sqrt;4;5;200;{'max_depth': 20, 'max_features': 'sqrt', 'min_samples_leaf': 4, 'min_samples_split': 5, 'n_estimators': 200};0.9998937718985497;0.9998771741469632;0.9999824370443262;0.9999286057736697;0.999961129090808;0.9999286235908633;3.953272404595492e-05;77
25;9.374392175674439;0.02593162825667594;0.11113219261169434;0.0015359701420037408;;sqrt;4;10;200;{'max_depth': None, 'max_features': 'sqrt', 'min_samples_leaf': 4, 'min_samples_split': 10, 'n_estimators': 200};0.999890178194483;0.9998792212305211;0.9999827435733458;0.9999269449457651;0.999959977084006;0.9999278130056242;3.957319384025608e-05;81
52;9.343382978439331;0.05812883714301402;0.11080865859985352;0.0005332220813280794;;log2;4;10;200;{'max_depth': None, 'max_features': 'log2', 'min_samples_leaf': 4, 'min_samples_split': 10, 'n_estimators': 200};0.999890178194483;0.9998792212305211;0.9999827435733458;0.9999269449457651;0.999959977084006;0.9999278130056242;3.957319384025608e-05;81
295;9.335438680648803;0.04618795344452236;0.11090998649597168;0.000681080743245332;20;log2;4;10;200;{'max_depth': 20, 'max_features': 'log2', 'min_samples_leaf': 4, 'min_samples_split': 10, 'n_estimators': 200};0.9998900217762056;0.9998792212305211;0.9999827435733458;0.9999269227303956;0.999959977084006;0.9999277772788948;3.960307827681736e-05;83
268;9.35304298400879;0.034523600134499365;0.11127052307128907;0.0002627413242256399;20;sqrt;4;10;200;{'max_depth': 20, 'max_features': 'sqrt', 'min_samples_leaf': 4, 'min_samples_split': 10, 'n_estimators': 200};0.9998900217762056;0.9998792212305211;0.9999827435733458;0.9999269227303956;0.999959977084006;0.9999277772788948;3.960307827681736e-05;83
48;4.700259447097778;0.02851968442405982;0.05729465484619141;0.0005344032420908621;;log2;4;5;100;{'max_depth': None, 'max_features': 'log2', 'min_samples_leaf': 4, 'min_samples_split': 5, 'n_estimators': 100};0.9998854451014714;0.9998996642175233;0.9999802848257662;0.9999181235066914;0.9999550261372449;0.9999277087577395;3.514277185120343e-05;85
45;4.693829727172852;0.031410184845850876;0.057832527160644534;0.0008133418186679396;;log2;4;2;100;{'max_depth': None, 'max_features': 'log2', 'min_samples_leaf': 4, 'min_samples_split': 2, 'n_estimators': 100};0.9998854451014714;0.9998996642175233;0.9999802848257662;0.9999181235066914;0.9999550261372449;0.9999277087577395;3.514277185120343e-05;85
21;4.712321090698242;0.02306998101952533;0.05842752456665039;0.000937926016461573;;sqrt;4;5;100;{'max_depth': None, 'max_features': 'sqrt', 'min_samples_leaf': 4, 'min_samples_split': 5, 'n_estimators': 100};0.9998854451014714;0.9998996642175233;0.9999802848257662;0.9999181235066914;0.9999550261372449;0.9999277087577395;3.514277185120343e-05;85
18;4.706813192367553;0.023176296763341535;0.0575286865234375;0.0005139188521470011;;sqrt;4;2;100;{'max_depth': None, 'max_features': 'sqrt', 'min_samples_leaf': 4, 'min_samples_split': 2, 'n_estimators': 100};0.9998854451014714;0.9998996642175233;0.9999802848257662;0.9999181235066914;0.9999550261372449;0.9999277087577395;3.514277185120343e-05;85
261;4.698488664627075;0.03305301686724968;0.0576385498046875;0.0003120231447698459;20;sqrt;4;2;100;{'max_depth': 20, 'max_features': 'sqrt', 'min_samples_leaf': 4, 'min_samples_split': 2, 'n_estimators': 100};0.9998853199960024;0.9998996642175233;0.9999802848257662;0.9999181806725611;0.9999550261372449;0.9999276951698196;3.5169785309943825e-05;89
264;4.688490724563598;0.018490193688026374;0.05736112594604492;0.00048209161117549967;20;sqrt;4;5;100;{'max_depth': 20, 'max_features': 'sqrt', 'min_samples_leaf': 4, 'min_samples_split': 5, 'n_estimators': 100};0.9998853199960024;0.9998996642175233;0.9999802848257662;0.9999181806725611;0.9999550261372449;0.9999276951698196;3.5169785309943825e-05;89
288;4.693510818481445;0.019116305148218087;0.05745687484741211;0.0007314634229710404;20;log2;4;2;100;{'max_depth': 20, 'max_features': 'log2', 'min_samples_leaf': 4, 'min_samples_split': 2, 'n_estimators': 100};0.9998853199960024;0.9998996642175233;0.9999802848257662;0.9999181806725611;0.9999550261372449;0.9999276951698196;3.5169785309943825e-05;89
291;4.697632503509522;0.02615215992506762;0.05716009140014648;0.00038447254395495396;20;log2;4;5;100;{'max_depth': 20, 'max_features': 'log2', 'min_samples_leaf': 4, 'min_samples_split': 5, 'n_estimators': 100};0.9998853199960024;0.9998996642175233;0.9999802848257662;0.9999181806725611;0.9999550261372449;0.9999276951698196;3.5169785309943825e-05;89
20;23.44020390510559;0.10270661623131802;0.2761557579040527;0.0070784352634631785;;sqrt;4;2;500;{'max_depth': None, 'max_features': 'sqrt', 'min_samples_leaf': 4, 'min_samples_split': 2, 'n_estimators': 500};0.9999070329720819;0.9998800978612803;0.9999847270919091;0.9998972472495222;0.9999660772919869;0.999927036493356;4.084890258463794e-05;93
50;23.288959407806395;0.06438357514528095;0.2704921245574951;0.0008749273387422906;;log2;4;5;500;{'max_depth': None, 'max_features': 'log2', 'min_samples_leaf': 4, 'min_samples_split': 5, 'n_estimators': 500};0.9999070329720819;0.9998800978612803;0.9999847270919091;0.9998972472495222;0.9999660772919869;0.999927036493356;4.084890258463794e-05;93
47;23.395737743377687;0.014087723945253594;0.2754361629486084;0.005717068255542015;;log2;4;2;500;{'max_depth': None, 'max_features': 'log2', 'min_samples_leaf': 4, 'min_samples_split': 2, 'n_estimators': 500};0.9999070329720819;0.9998800978612803;0.9999847270919091;0.9998972472495222;0.9999660772919869;0.999927036493356;4.084890258463794e-05;93
23;23.50270938873291;0.1126650003071598;0.2884678840637207;0.02604752864273358;;sqrt;4;5;500;{'max_depth': None, 'max_features': 'sqrt', 'min_samples_leaf': 4, 'min_samples_split': 5, 'n_estimators': 500};0.9999070329720819;0.9998800978612803;0.9999847270919091;0.9998972472495222;0.9999660772919869;0.999927036493356;4.084890258463794e-05;93
263;23.327287435531616;0.05368443758690919;0.27091965675354;0.0013274231624320423;20;sqrt;4;2;500;{'max_depth': 20, 'max_features': 'sqrt', 'min_samples_leaf': 4, 'min_samples_split': 2, 'n_estimators': 500};0.9999069720046114;0.9998800932291324;0.9999847203746782;0.9998972614085488;0.9999660772919869;0.9999270248617915;4.08519837596483e-05;97
266;23.370557355880738;0.06287741855853463;0.2718083381652832;0.0034819648023609994;20;sqrt;4;5;500;{'max_depth': 20, 'max_features': 'sqrt', 'min_samples_leaf': 4, 'min_samples_split': 5, 'n_estimators': 500};0.9999069720046114;0.9998800932291324;0.9999847203746782;0.9998972614085488;0.9999660772919869;0.9999270248617915;4.08519837596483e-05;97
290;23.35759119987488;0.03131669029792336;0.27662124633789065;0.007398019044541407;20;log2;4;2;500;{'max_depth': 20, 'max_features': 'log2', 'min_samples_leaf': 4, 'min_samples_split': 2, 'n_estimators': 500};0.9999069720046114;0.9998800932291324;0.9999847203746782;0.9998972614085488;0.9999660772919869;0.9999270248617915;4.08519837596483e-05;97
293;23.452218580245972;0.07242760346160476;0.2743080615997314;0.003428528495851615;20;log2;4;5;500;{'max_depth': 20, 'max_features': 'log2', 'min_samples_leaf': 4, 'min_samples_split': 5, 'n_estimators': 500};0.9999069720046114;0.9998800932291324;0.9999847203746782;0.9998972614085488;0.9999660772919869;0.9999270248617915;4.08519837596483e-05;97
51;4.687120628356934;0.023368361030155195;0.05719594955444336;0.00014116251666732046;;log2;4;10;100;{'max_depth': None, 'max_features': 'log2', 'min_samples_leaf': 4, 'min_samples_split': 10, 'n_estimators': 100};0.999880935830685;0.9999023455353077;0.999980418479485;0.9999148698330359;0.9999536624476939;0.9999264464252414;3.5888101418095675e-05;101
24;4.7053704261779785;0.03176840469068221;0.05762181282043457;0.0006027801967101582;;sqrt;4;10;100;{'max_depth': None, 'max_features': 'sqrt', 'min_samples_leaf': 4, 'min_samples_split': 10, 'n_estimators': 100};0.999880935830685;0.9999023455353077;0.999980418479485;0.9999148698330359;0.9999536624476939;0.9999264464252414;3.5888101418095675e-05;101
294;4.681129026412964;0.024358896261565774;0.056894445419311525;0.0001820534420617992;20;log2;4;10;100;{'max_depth': 20, 'max_features': 'log2', 'min_samples_leaf': 4, 'min_samples_split': 10, 'n_estimators': 100};0.9998808168353465;0.9999023455353077;0.999980418479485;0.999914821546825;0.9999536624476939;0.9999264129689316;3.592141168875639e-05;103
267;4.697303199768067;0.026759977379751148;0.057871246337890626;0.001173454632306068;20;sqrt;4;10;100;{'max_depth': 20, 'max_features': 'sqrt', 'min_samples_leaf': 4, 'min_samples_split': 10, 'n_estimators': 100};0.9998808168353465;0.9999023455353077;0.999980418479485;0.999914821546825;0.9999536624476939;0.9999264129689316;3.592141168875639e-05;103
53;23.32356925010681;0.09334733243515407;0.27320232391357424;0.0022266656296593005;;log2;4;10;500;{'max_depth': None, 'max_features': 'log2', 'min_samples_leaf': 4, 'min_samples_split': 10, 'n_estimators': 500};0.9999048890621827;0.9998812699703072;0.999984411965957;0.9998961076490578;0.9999649331503366;0.9999263223595684;4.06625829979726e-05;105
26;23.616948509216307;0.1600835704859454;0.2776514530181885;0.007563964953910472;;sqrt;4;10;500;{'max_depth': None, 'max_features': 'sqrt', 'min_samples_leaf': 4, 'min_samples_split': 10, 'n_estimators': 500};0.9999048890621827;0.9998812699703072;0.999984411965957;0.9998961076490578;0.9999649331503366;0.9999263223595684;4.06625829979726e-05;105
269;23.313637065887452;0.0731482044564248;0.2716585636138916;0.0033613359799927003;20;sqrt;4;10;500;{'max_depth': 20, 'max_features': 'sqrt', 'min_samples_leaf': 4, 'min_samples_split': 10, 'n_estimators': 500};0.9999048291188881;0.9998812655150661;0.9999844040501729;0.9998960961391559;0.9999649331503366;0.9999263055947238;4.066934367258868e-05;107
296;23.41970376968384;0.07193553229956669;0.2805934906005859;0.006995412329284837;20;log2;4;10;500;{'max_depth': 20, 'max_features': 'log2', 'min_samples_leaf': 4, 'min_samples_split': 10, 'n_estimators': 500};0.9999048291188881;0.9998812655150661;0.9999844040501729;0.9998960961391559;0.9999649331503366;0.9999263055947238;4.066934367258868e-05;107
55;32.23541150093079;0.23930825742236916;0.10582714080810547;0.0006553732265869674;;;1;2;200;{'max_depth': None, 'max_features': None, 'min_samples_leaf': 1, 'min_samples_split': 2, 'n_estimators': 200};0.9999435126857589;0.9999774774918347;0.9999805674823936;0.999715033522986;0.9999884365614908;0.9999210055488927;0.00010412943137083229;109
298;32.51043787002563;0.2761797125940052;0.10674099922180176;0.001044410772734564;20;;1;2;200;{'max_depth': 20, 'max_features': None, 'min_samples_leaf': 1, 'min_samples_split': 2, 'n_estimators': 200};0.9999435126857589;0.9999774774918347;0.9999805674823936;0.999715033522986;0.9999884365614908;0.9999210055488927;0.00010412943137083229;109
301;32.08209171295166;0.24511816416493473;0.10553140640258789;0.000525145968847219;20;;1;5;200;{'max_depth': 20, 'max_features': None, 'min_samples_leaf': 1, 'min_samples_split': 5, 'n_estimators': 200};0.9999434509616614;0.9999776364965206;0.9999805657191067;0.9997147462552554;0.9999884147261253;0.9999209628317338;0.00010425464874304677;111
58;32.19967603683472;0.3031952499346014;0.10512852668762207;0.0008514924539802654;;;1;5;200;{'max_depth': None, 'max_features': None, 'min_samples_leaf': 1, 'min_samples_split': 5, 'n_estimators': 200};0.9999434509616614;0.9999776364965206;0.9999805657191067;0.9997147462552554;0.9999884147261253;0.9999209628317338;0.00010425464874304677;111
304;32.10064258575439;0.22798310167458005;0.10553302764892578;0.00047777828325706043;20;;1;10;200;{'max_depth': 20, 'max_features': None, 'min_samples_leaf': 1, 'min_samples_split': 10, 'n_estimators': 200};0.9999434193584101;0.9999776364965206;0.9999804925452865;0.9997147286463794;0.9999884139486838;0.999920938199056;0.00010425178753300131;113
61;32.36422839164734;0.3122077906520746;0.10650062561035156;0.0007092840770831594;;;1;10;200;{'max_depth': None, 'max_features': None, 'min_samples_leaf': 1, 'min_samples_split': 10, 'n_estimators': 200};0.9999434193584101;0.9999776364965206;0.9999804925452865;0.9997147286463794;0.9999884139486838;0.999920938199056;0.00010425178753300131;113
54;16.114023447036743;0.13314873767286833;0.05486588478088379;0.000542447914047279;;;1;2;100;{'max_depth': None, 'max_features': None, 'min_samples_leaf': 1, 'min_samples_split': 2, 'n_estimators': 100};0.9999391483176681;0.9999778449209923;0.9999825963545904;0.9997214988071284;0.9999822728459159;0.999920672249259;0.00010090527030510504;115
297;16.430842638015747;0.11727829336779218;0.055409908294677734;0.00035720908758838917;20;;1;2;100;{'max_depth': 20, 'max_features': None, 'min_samples_leaf': 1, 'min_samples_split': 2, 'n_estimators': 100};0.9999391483176681;0.9999778449209923;0.9999825963545904;0.9997214988071284;0.9999822728459159;0.999920672249259;0.00010090527030510504;115
303;16.025685787200928;0.13618432346295362;0.0544586181640625;0.0003902626522335072;20;;1;10;100;{'max_depth': 20, 'max_features': None, 'min_samples_leaf': 1, 'min_samples_split': 10, 'n_estimators': 100};0.999938564313569;0.9999781416072047;0.9999824470311299;0.9997207043687222;0.9999830808358988;0.9999205876313051;0.00010131231502136057;117
60;16.192779445648192;0.32009481924214445;0.05485701560974121;0.0009709203491424427;;;1;10;100;{'max_depth': None, 'max_features': None, 'min_samples_leaf': 1, 'min_samples_split': 10, 'n_estimators': 100};0.999938564313569;0.9999781416072047;0.9999824470311299;0.9997207043687222;0.9999830808358988;0.9999205876313051;0.00010131231502136057;117
300;16.04635343551636;0.16315442892495022;0.0547330379486084;0.0004389522899388925;20;;1;5;100;{'max_depth': 20, 'max_features': None, 'min_samples_leaf': 1, 'min_samples_split': 5, 'n_estimators': 100};0.999938564313569;0.9999781416072047;0.9999825963545904;0.9997208967260851;0.9999822736260593;0.9999204945255016;0.00010115560216169944;119
57;16.109626293182373;0.17681365674087815;0.055365133285522464;0.001445120382946465;;;1;5;100;{'max_depth': None, 'max_features': None, 'min_samples_leaf': 1, 'min_samples_split': 5, 'n_estimators': 100};0.999938564313569;0.9999781416072047;0.9999825963545904;0.9997208967260851;0.9999822736260593;0.9999204945255016;0.00010115560216169944;119
56;80.51570029258728;0.579819367896537;0.2630068302154541;0.006413200516051571;;;1;2;500;{'max_depth': None, 'max_features': None, 'min_samples_leaf': 1, 'min_samples_split': 2, 'n_estimators': 500};0.9999449972683562;0.9999811710910719;0.9999792588305947;0.999661024249261;0.9999891058776939;0.9999111114633955;0.0001259582519722202;121
299;80.26263971328736;0.7028577709407566;0.2575994968414307;0.0010664086843720883;20;;1;2;500;{'max_depth': 20, 'max_features': None, 'min_samples_leaf': 1, 'min_samples_split': 2, 'n_estimators': 500};0.9999449972683562;0.9999811710910719;0.9999792588305947;0.999661024249261;0.9999891058776939;0.9999111114633955;0.0001259582519722202;121
302;80.22083144187927;0.5264191363789542;0.25837244987487795;0.0017380954704141192;20;;1;5;500;{'max_depth': 20, 'max_features': None, 'min_samples_leaf': 1, 'min_samples_split': 5, 'n_estimators': 500};0.9999449071126211;0.9999812463656254;0.999979254985651;0.9996607094281129;0.9999890842626097;0.999911040430924;0.00012608370355097446;123
59;80.7168300151825;0.719262269400687;0.2594667911529541;0.0024744833898595084;;;1;5;500;{'max_depth': None, 'max_features': None, 'min_samples_leaf': 1, 'min_samples_split': 5, 'n_estimators': 500};0.9999449071126211;0.9999812463656254;0.999979254985651;0.9996607094281129;0.9999890842626097;0.999911040430924;0.00012608370355097446;123
305;80.06562595367431;0.5496652990655901;0.25731501579284666;0.0007982798299156544;20;;1;10;500;{'max_depth': 20, 'max_features': None, 'min_samples_leaf': 1, 'min_samples_split': 10, 'n_estimators': 500};0.9999449055427576;0.9999812461339295;0.9999792069195396;0.9996606947277794;0.999988996923662;0.9999110100495336;0.00012607342141149726;125
62;80.38385157585144;0.5468258147336078;0.2576462268829346;0.0014758082360532855;;;1;10;500;{'max_depth': None, 'max_features': None, 'min_samples_leaf': 1, 'min_samples_split': 10, 'n_estimators': 500};0.9999449055427576;0.9999812461339295;0.9999792069195396;0.9996606947277794;0.999988996923662;0.9999110100495336;0.00012607342141149726;125
312;16.20231122970581;0.19102921266277811;0.05587053298950195;0.0010007612061966114;20;;2;10;100;{'max_depth': 20, 'max_features': None, 'min_samples_leaf': 2, 'min_samples_split': 10, 'n_estimators': 100};0.9999106297539306;0.9999664985560622;0.9999805247435377;0.9996678037470186;0.9999685095617746;0.9998987932724649;0.00011800056181666652;127
69;16.091910743713377;0.14167290039511643;0.05447568893432617;0.0007442308961270899;;;2;10;100;{'max_depth': None, 'max_features': None, 'min_samples_leaf': 2, 'min_samples_split': 10, 'n_estimators': 100};0.9999106297539306;0.9999664985560622;0.9999805247435377;0.9996678037470186;0.9999685095617746;0.9998987932724649;0.00011800056181666652;127
309;16.006863594055176;0.15752065347674254;0.053931903839111325;0.00026425166640274176;20;;2;5;100;{'max_depth': 20, 'max_features': None, 'min_samples_leaf': 2, 'min_samples_split': 5, 'n_estimators': 100};0.9999106297539306;0.9999664985560622;0.9999805148099716;0.999668161987937;0.999967925603969;0.9998987461423742;0.00011779013113917428;129
66;16.05467824935913;0.16566719175762704;0.054150056838989255;0.0004841155889156233;;;2;5;100;{'max_depth': None, 'max_features': None, 'min_samples_leaf': 2, 'min_samples_split': 5, 'n_estimators': 100};0.9999106297539306;0.9999664985560622;0.9999805148099716;0.999668161987937;0.999967925603969;0.9998987461423742;0.00011779013113917428;129
63;16.072802829742432;0.12432548046150019;0.05470128059387207;0.00026485118880465076;;;2;2;100;{'max_depth': None, 'max_features': None, 'min_samples_leaf': 2, 'min_samples_split': 2, 'n_estimators': 100};0.9999106310150536;0.9999664985560622;0.9999805148099716;0.999668161987937;0.9999679229042201;0.9998987458546489;0.00011778983947389474;131
306;16.02841534614563;0.14790441422377523;0.05522985458374023;0.0010504956617272394;20;;2;2;100;{'max_depth': 20, 'max_features': None, 'min_samples_leaf': 2, 'min_samples_split': 2, 'n_estimators': 100};0.9999106310150536;0.9999664985560622;0.9999805148099716;0.999668161987937;0.9999679229042201;0.9998987458546489;0.00011778983947389474;131
64;32.21599926948547;0.3098598169284446;0.10542640686035157;0.0005466445167808209;;;2;2;200;{'max_depth': None, 'max_features': None, 'min_samples_leaf': 2, 'min_samples_split': 2, 'n_estimators': 200};0.9999094954449034;0.9999655561318299;0.9999783578280806;0.9996584330020992;0.9999756059923428;0.9998974896798511;0.00012212050698602364;133
307;32.079611206054686;0.2340495291594883;0.1051180362701416;0.0004907366781535552;20;;2;2;200;{'max_depth': 20, 'max_features': None, 'min_samples_leaf': 2, 'min_samples_split': 2, 'n_estimators': 200};0.9999094954449034;0.9999655561318299;0.9999783578280806;0.9996584330020992;0.9999756059923428;0.9998974896798511;0.00012212050698602364;133
67;32.15802526473999;0.2661152342416522;0.10569295883178711;0.0009297487098929644;;;2;5;200;{'max_depth': None, 'max_features': None, 'min_samples_leaf': 2, 'min_samples_split': 5, 'n_estimators': 200};0.9999094951162003;0.9999655561318299;0.9999783578280806;0.9996583714733422;0.9999756017891498;0.9998974764677205;0.00012214405201670299;135
310;32.10722231864929;0.3357087889677919;0.10561213493347169;0.0010108218256701933;20;;2;5;200;{'max_depth': 20, 'max_features': None, 'min_samples_leaf': 2, 'min_samples_split': 5, 'n_estimators': 200};0.9999094951162003;0.9999655561318299;0.9999783578280806;0.9996583714733422;0.9999756017891498;0.9998974764677205;0.00012214405201670299;135
313;32.08753337860107;0.2873579964452208;0.10641751289367676;0.0012235896954504387;20;;2;10;200;{'max_depth': 20, 'max_features': None, 'min_samples_leaf': 2, 'min_samples_split': 10, 'n_estimators': 200};0.9999094561990282;0.9999655561318299;0.9999783680516089;0.9996582473964897;0.9999756050276178;0.9998974465613149;0.00012219363231613772;137
70;32.41909327507019;0.2179734107733971;0.10666489601135254;0.0008990048195602654;;;2;10;200;{'max_depth': None, 'max_features': None, 'min_samples_leaf': 2, 'min_samples_split': 10, 'n_estimators': 200};0.9999094561990282;0.9999655561318299;0.9999783680516089;0.9996582473964897;0.9999756050276178;0.9998974465613149;0.00012219363231613772;137
217;32.03688473701477;0.20253278369255648;0.10567364692687989;0.0007244061802074769;10;;1;2;200;{'max_depth': 10, 'max_features': None, 'min_samples_leaf': 1, 'min_samples_split': 2, 'n_estimators': 200};0.9999192347549851;0.9999738017717181;0.9999720309908702;0.999647474586703;0.999948647137955;0.9998922378484462;0.00012396734599250347;139
220;32.09718794822693;0.23698156445743154;0.10661683082580567;0.0007710701396557891;10;;1;5;200;{'max_depth': 10, 'max_features': None, 'min_samples_leaf': 1, 'min_samples_split': 5, 'n_estimators': 200};0.9999190782749102;0.9999738060526467;0.9999720294285358;0.9996473677451261;0.9999486288562768;0.9998921820714992;0.00012400143095245487;140
223;31.823719120025636;0.17698304250236946;0.10648179054260254;0.003966857882562747;10;;1;10;200;{'max_depth': 10, 'max_features': None, 'min_samples_leaf': 1, 'min_samples_split': 10, 'n_estimators': 200};0.9999190782749102;0.9999738060526467;0.9999720576136607;0.9996473018136233;0.9999486288463985;0.9998921745202478;0.00012403109376337747;141
216;15.980893516540528;0.08261105354936693;0.05431299209594727;0.0002777605875211359;10;;1;2;100;{'max_depth': 10, 'max_features': None, 'min_samples_leaf': 1, 'min_samples_split': 2, 'n_estimators': 100};0.9999037044215702;0.9999745740687911;0.9999750977008498;0.9996305408942378;0.9999454653604863;0.9998858764891869;0.00013030166540921675;142
222;15.914114379882813;0.0939440941611029;0.05465860366821289;0.0006888543866228267;10;;1;10;100;{'max_depth': 10, 'max_features': None, 'min_samples_leaf': 1, 'min_samples_split': 10, 'n_estimators': 100};0.9999033785449163;0.9999745759324515;0.999975146584045;0.9996304903776134;0.9999454553053816;0.9998858093488815;0.00013031864165257136;143
219;15.873731231689453;0.05727357834089107;0.05462789535522461;0.0019531198951814668;10;;1;5;100;{'max_depth': 10, 'max_features': None, 'min_samples_leaf': 1, 'min_samples_split': 5, 'n_estimators': 100};0.9999033785449163;0.9999745759324515;0.9999750977008498;0.9996304903776134;0.9999454553251452;0.9998857995761952;0.0001303119425851182;144
218;79.81950297355652;0.5404055628231523;0.25609378814697265;0.0012857636061978425;10;;1;2;500;{'max_depth': 10, 'max_features': None, 'min_samples_leaf': 1, 'min_samples_split': 2, 'n_estimators': 500};0.9999170990534406;0.9999769625475169;0.9999713860991262;0.9996083645276146;0.9999496525002094;0.9998846929455816;0.00013975455373830327;145
221;79.77522888183594;0.3190784534392058;0.2566827297210693;0.0021670422230490247;10;;1;5;500;{'max_depth': 10, 'max_features': None, 'min_samples_leaf': 1, 'min_samples_split': 5, 'n_estimators': 500};0.9999168612899894;0.9999769606991855;0.999971384213045;0.9996081894409724;0.999949653860838;0.9998846099008061;0.00013981243913286138;146
224;79.45838990211487;0.3617846140826427;0.25905489921569824;0.006344074424129935;10;;1;10;500;{'max_depth': 10, 'max_features': None, 'min_samples_leaf': 1, 'min_samples_split': 10, 'n_estimators': 500};0.9999168664420126;0.9999769606972344;0.9999714154040523;0.9996081047183919;0.9999496503503649;0.9998845995224113;0.00013984972283672352;147
65;80.21354079246521;0.6144369994588469;0.2591557025909424;0.0023189490161824766;;;2;2;500;{'max_depth': None, 'max_features': None, 'min_samples_leaf': 2, 'min_samples_split': 2, 'n_estimators': 500};0.9999098418999606;0.9999690461809198;0.9999774137567992;0.9995761518153035;0.9999769022560119;0.9998818711817989;0.0001549228590623906;148
308;80.57000942230225;0.767312444059353;0.25809383392333984;0.0009577022605685815;20;;2;2;500;{'max_depth': 20, 'max_features': None, 'min_samples_leaf': 2, 'min_samples_split': 2, 'n_estimators': 500};0.9999098418999606;0.9999690461809198;0.9999774137567992;0.9995761518153035;0.9999769022560119;0.9998818711817989;0.0001549228590623906;148
311;80.50730109214783;0.5370674141900735;0.2584989547729492;0.0016275899799232797;20;;2;5;500;{'max_depth': 20, 'max_features': None, 'min_samples_leaf': 2, 'min_samples_split': 5, 'n_estimators': 500};0.9999098224381121;0.9999690440880897;0.9999774264234823;0.9995760727323989;0.9999768978968874;0.999881852715794;0.00015495416036030377;150
68;80.70112533569336;0.45737968731881606;0.25791072845458984;0.0009050908514786064;;;2;5;500;{'max_depth': None, 'max_features': None, 'min_samples_leaf': 2, 'min_samples_split': 5, 'n_estimators': 500};0.9999098224381121;0.9999690440880897;0.9999774264234823;0.9995760727323989;0.9999768978968874;0.999881852715794;0.00015495416036030377;150
71;81.1995849609375;0.4114833027010469;0.25896291732788085;0.0019423153621535847;;;2;10;500;{'max_depth': None, 'max_features': None, 'min_samples_leaf': 2, 'min_samples_split': 10, 'n_estimators': 500};0.9999098183497697;0.9999690443066319;0.9999773768038875;0.9995759610874665;0.9999768664961356;0.9998818134087782;0.0001549881289731948;152
314;80.10866012573243;0.5522827058614099;0.25783767700195315;0.0020387441875147137;20;;2;10;500;{'max_depth': 20, 'max_features': None, 'min_samples_leaf': 2, 'min_samples_split': 10, 'n_estimators': 500};0.9999098183497697;0.9999690443066319;0.9999773768038875;0.9995759610874665;0.9999768664961356;0.9998818134087782;0.0001549881289731948;152
232;32.05056619644165;0.1563313126640561;0.10594696998596191;0.000495442582200503;10;;2;10;200;{'max_depth': 10, 'max_features': None, 'min_samples_leaf': 2, 'min_samples_split': 10, 'n_estimators': 200};0.9998846668177441;0.9999620008199225;0.999970922355955;0.9995906229015494;0.9999360906164919;0.9998688607023325;0.00014232191052098459;154
229;31.746212434768676;0.14443182420320563;0.10443196296691895;0.0005718533232476041;10;;2;5;200;{'max_depth': 10, 'max_features': None, 'min_samples_leaf': 2, 'min_samples_split': 5, 'n_estimators': 200};0.9998846668177441;0.9999620008199225;0.9999707467224793;0.9995907808335553;0.9999360906231738;0.9998688571633749;0.000142234982689395;155
226;31.73124670982361;0.1729905792407909;0.10446977615356445;0.0007102190541548706;10;;2;2;200;{'max_depth': 10, 'max_features': None, 'min_samples_leaf': 2, 'min_samples_split': 2, 'n_estimators': 200};0.999884666811798;0.9999620008199225;0.9999707467224793;0.9995907614709538;0.9999360907562533;0.9998688533162813;0.0001422425661138804;156
231;15.870358324050903;0.07373339743359152;0.05387587547302246;0.00032631581587176905;10;;2;10;100;{'max_depth': 10, 'max_features': None, 'min_samples_leaf': 2, 'min_samples_split': 10, 'n_estimators': 100};0.9998740526939112;0.9999634922994431;0.9999739615182028;0.9995785438334471;0.9999313551570832;0.9998642811004176;0.00014704615255787387;157
225;15.89747176170349;0.09539484212726915;0.05451216697692871;0.0010413927427478534;10;;2;2;100;{'max_depth': 10, 'max_features': None, 'min_samples_leaf': 2, 'min_samples_split': 2, 'n_estimators': 100};0.9998740526939112;0.9999634922994431;0.999973623180803;0.9995786401843116;0.9999313552277053;0.9998642327172348;0.0001469582909502429;158
228;15.860960149765015;0.09659629437824235;0.05386848449707031;0.0003220006657179024;10;;2;5;100;{'max_depth': 10, 'max_features': None, 'min_samples_leaf': 2, 'min_samples_split': 5, 'n_estimators': 100};0.9998740526939112;0.9999634922994431;0.999973623180803;0.9995786401843116;0.9999313552277053;0.9998642327172348;0.0001469582909502429;158
227;79.54231405258179;0.6151727942268794;0.25546441078186033;0.0011333052107800373;10;;2;2;500;{'max_depth': 10, 'max_features': None, 'min_samples_leaf': 2, 'min_samples_split': 2, 'n_estimators': 500};0.9998812605138828;0.9999650183902704;0.9999700342398443;0.9995237003967027;0.9999375454976778;0.9998555118076757;0.00016887771535640045;160
230;79.6100501537323;0.2500981137822519;0.25540785789489745;0.0011262542140135598;10;;2;5;500;{'max_depth': 10, 'max_features': None, 'min_samples_leaf': 2, 'min_samples_split': 5, 'n_estimators': 500};0.9998812411823312;0.9999650154162563;0.9999699898015239;0.9995236694764875;0.9999375454034919;0.9998554922560181;0.00016888285513185235;161
233;79.644704580307;0.4137268847873817;0.25568881034851076;0.0006224241400782237;10;;2;10;500;{'max_depth': 10, 'max_features': None, 'min_samples_leaf': 2, 'min_samples_split': 10, 'n_estimators': 500};0.9998812411105878;0.9999650154748381;0.9999700704658961;0.9995234403875946;0.9999375416606463;0.9998554618199126;0.00016898345992600962;162
75;16.224001026153566;0.197399886115262;0.06117215156555176;0.01126342835618799;;;4;5;100;{'max_depth': None, 'max_features': None, 'min_samples_leaf': 4, 'min_samples_split': 5, 'n_estimators': 100};0.9996919892767255;0.9999368760845349;0.9999744527114103;0.999408894452064;0.9998864163541658;0.9997797257757801;0.00020938540657517284;163
315;16.043014526367188;0.1315272481307394;0.05476765632629395;0.0008743597777373134;20;;4;2;100;{'max_depth': 20, 'max_features': None, 'min_samples_leaf': 4, 'min_samples_split': 2, 'n_estimators': 100};0.9996919892767255;0.9999368760845349;0.9999744527114103;0.999408894452064;0.9998864163541658;0.9997797257757801;0.00020938540657517284;163
318;16.045505857467653;0.1575597717475749;0.054487180709838864;0.0003592055299110589;20;;4;5;100;{'max_depth': 20, 'max_features': None, 'min_samples_leaf': 4, 'min_samples_split': 5, 'n_estimators': 100};0.9996919892767255;0.9999368760845349;0.9999744527114103;0.999408894452064;0.9998864163541658;0.9997797257757801;0.00020938540657517284;163
72;16.06630849838257;0.12846739311921349;0.054684019088745116;0.0003886879414986665;;;4;2;100;{'max_depth': None, 'max_features': None, 'min_samples_leaf': 4, 'min_samples_split': 2, 'n_estimators': 100};0.9996919892767255;0.9999368760845349;0.9999744527114103;0.999408894452064;0.9998864163541658;0.9997797257757801;0.00020938540657517284;163
78;16.137883806228636;0.21172954366758756;0.05519990921020508;0.0004464763433299643;;;4;10;100;{'max_depth': None, 'max_features': None, 'min_samples_leaf': 4, 'min_samples_split': 10, 'n_estimators': 100};0.9996919892767255;0.9999368760845349;0.9999743759542312;0.9994085655442883;0.9998864163698353;0.999779644645923;0.00020948764744957663;167
321;16.094073963165282;0.19556581793219452;0.05494656562805176;0.0006149059411352621;20;;4;10;100;{'max_depth': 20, 'max_features': None, 'min_samples_leaf': 4, 'min_samples_split': 10, 'n_estimators': 100};0.9996919892767255;0.9999368760845349;0.9999743759542312;0.9994085655442883;0.9998864163698353;0.999779644645923;0.00020948764744957663;167
76;32.313104963302614;0.35301865757760187;0.10660600662231445;0.0003160120043779067;;;4;5;200;{'max_depth': None, 'max_features': None, 'min_samples_leaf': 4, 'min_samples_split': 5, 'n_estimators': 200};0.9997027124190943;0.9999390014800461;0.9999714909290693;0.9993701238863097;0.9998887116321936;0.9997744080693426;0.00022252366878181497;169
319;32.22276339530945;0.24978791891104096;0.10764112472534179;0.003727757969010762;20;;4;5;200;{'max_depth': 20, 'max_features': None, 'min_samples_leaf': 4, 'min_samples_split': 5, 'n_estimators': 200};0.9997027124190943;0.9999390014800461;0.9999714909290693;0.9993701238863097;0.9998887116321936;0.9997744080693426;0.00022252366878181497;169
316;32.06318912506104;0.3018722395638316;0.1061772346496582;0.0010095184399028143;20;;4;2;200;{'max_depth': 20, 'max_features': None, 'min_samples_leaf': 4, 'min_samples_split': 2, 'n_estimators': 200};0.9997027124190943;0.9999390014800461;0.9999714909290693;0.9993701238863097;0.9998887116321936;0.9997744080693426;0.00022252366878181497;169
73;32.36421017646789;0.2504909957396598;0.10733981132507324;0.0005520763782413604;;;4;2;200;{'max_depth': None, 'max_features': None, 'min_samples_leaf': 4, 'min_samples_split': 2, 'n_estimators': 200};0.9997027124190943;0.9999390014800461;0.9999714909290693;0.9993701238863097;0.9998887116321936;0.9997744080693426;0.00022252366878181497;169
322;31.99636106491089;0.17976438855083723;0.10362477302551269;0.003349251788132246;20;;4;10;200;{'max_depth': 20, 'max_features': None, 'min_samples_leaf': 4, 'min_samples_split': 10, 'n_estimators': 200};0.9997027124190943;0.9999390014800461;0.9999714092975227;0.9993701312557728;0.9998887117018752;0.9997743932308621;0.00022250654027035986;173
79;32.210436058044436;0.26301112466318527;0.10679826736450196;0.0005566705021701084;;;4;10;200;{'max_depth': None, 'max_features': None, 'min_samples_leaf': 4, 'min_samples_split': 10, 'n_estimators': 200};0.9997027124190943;0.9999390014800461;0.9999714092975227;0.9993701312557728;0.9998887117018752;0.9997743932308621;0.00022250654027035986;173
320;78.6331398010254;1.3574002137203245;0.2413266658782959;0.008797001273125443;20;;4;5;500;{'max_depth': 20, 'max_features': None, 'min_samples_leaf': 4, 'min_samples_split': 5, 'n_estimators': 500};0.9997195171096663;0.9999427756742845;0.9999707645783232;0.9992860221516177;0.9998894265637092;0.9997617012155201;0.0002533216471110058;175
74;80.77040071487427;0.7291608135269433;0.2600415706634521;0.003892134957064384;;;4;2;500;{'max_depth': None, 'max_features': None, 'min_samples_leaf': 4, 'min_samples_split': 2, 'n_estimators': 500};0.9997195171096663;0.9999427756742845;0.9999707645783232;0.9992860221516177;0.9998894265637092;0.9997617012155201;0.0002533216471110058;175
317;80.12247200012207;0.682722580148491;0.2577929973602295;0.0010052644666941498;20;;4;2;500;{'max_depth': 20, 'max_features': None, 'min_samples_leaf': 4, 'min_samples_split': 2, 'n_estimators': 500};0.9997195171096663;0.9999427756742845;0.9999707645783232;0.9992860221516177;0.9998894265637092;0.9997617012155201;0.0002533216471110058;175
77;80.47207617759705;0.669170294522633;0.2590221405029297;0.0010849404260387966;;;4;5;500;{'max_depth': None, 'max_features': None, 'min_samples_leaf': 4, 'min_samples_split': 5, 'n_estimators': 500};0.9997195171096663;0.9999427756742845;0.9999707645783232;0.9992860221516177;0.9998894265637092;0.9997617012155201;0.0002533216471110058;175
323;72.00178117752075;0.886977117429792;0.2345414638519287;0.001373422846493182;20;;4;10;500;{'max_depth': 20, 'max_features': None, 'min_samples_leaf': 4, 'min_samples_split': 10, 'n_estimators': 500};0.9997195111214575;0.9999427764679473;0.9999707298085132;0.99928603473173;0.9998894285672563;0.9997616961393808;0.00025331169883016966;179
80;80.59271221160888;0.400321114077999;0.25887203216552734;0.0011350543313154138;;;4;10;500;{'max_depth': None, 'max_features': None, 'min_samples_leaf': 4, 'min_samples_split': 10, 'n_estimators': 500};0.9997195111214575;0.9999427764679473;0.9999707298085132;0.99928603473173;0.9998894285672563;0.9997616961393808;0.00025331169883016966;179
240;15.869310569763183;0.07919042432582934;0.05371837615966797;0.0003147244956889693;10;;4;10;100;{'max_depth': 10, 'max_features': None, 'min_samples_leaf': 4, 'min_samples_split': 10, 'n_estimators': 100};0.9996485908038102;0.9999344247138279;0.9999678480143345;0.999309822552623;0.9998499839978947;0.9997421340164981;0.00024298052350914452;181
234;16.02937870025635;0.36178627397822233;0.05435194969177246;0.0006480863362089388;10;;4;2;100;{'max_depth': 10, 'max_features': None, 'min_samples_leaf': 4, 'min_samples_split': 2, 'n_estimators': 100};0.9996485908038102;0.9999344247138279;0.999967743382552;0.999309822552623;0.999849984027032;0.999742113095969;0.0002429610896223596;182
237;15.853466510772705;0.08326885534546526;0.05371556282043457;0.00031062523030993467;10;;4;5;100;{'max_depth': 10, 'max_features': None, 'min_samples_leaf': 4, 'min_samples_split': 5, 'n_estimators': 100};0.9996485908038102;0.9999344247138279;0.999967743382552;0.999309822552623;0.999849984027032;0.999742113095969;0.0002429610896223596;182
241;31.73211450576782;0.1278809583662836;0.10443167686462403;0.00036967399691342057;10;;4;10;200;{'max_depth': 10, 'max_features': None, 'min_samples_leaf': 4, 'min_samples_split': 10, 'n_estimators': 200};0.9996690141862029;0.9999361344405001;0.9999636661414036;0.9992919416453411;0.999849587708486;0.9997420688243868;0.0002474989301715362;184
238;31.648749160766602;0.1338808326582065;0.10451779365539551;0.0005242459400257996;10;;4;5;200;{'max_depth': 10, 'max_features': None, 'min_samples_leaf': 4, 'min_samples_split': 5, 'n_estimators': 200};0.9996690141862029;0.9999361344405001;0.9999636178479698;0.999291941452069;0.9998495877248867;0.9997420591303257;0.00024749035462933713;185
235;31.66680474281311;0.13361555030070305;0.10455136299133301;0.0007910357007255862;10;;4;2;200;{'max_depth': 10, 'max_features': None, 'min_samples_leaf': 4, 'min_samples_split': 2, 'n_estimators': 200};0.9996690141862029;0.9999361344405001;0.9999636178479698;0.999291941452069;0.9998495877248867;0.9997420591303257;0.00024749035462933713;185
236;79.27772393226624;0.42431170388823897;0.25548357963562013;0.0010006747571294238;10;;4;2;500;{'max_depth': 10, 'max_features': None, 'min_samples_leaf': 4, 'min_samples_split': 2, 'n_estimators': 500};0.9996877143151349;0.9999389783270822;0.999962996147538;0.999233842148083;0.999850213107318;0.9997347488090312;0.00026842439321196485;187
239;79.258380651474;0.3626540599874885;0.2556779384613037;0.0018648238029194313;10;;4;5;500;{'max_depth': 10, 'max_features': None, 'min_samples_leaf': 4, 'min_samples_split': 5, 'n_estimators': 500};0.9996877143151349;0.9999389783270822;0.999962996147538;0.999233842148083;0.999850213107318;0.9997347488090312;0.00026842439321196485;187
242;79.98851265907288;0.4494978303976995;0.26127033233642577;0.004260432184879742;10;;4;10;500;{'max_depth': 10, 'max_features': None, 'min_samples_leaf': 4, 'min_samples_split': 10, 'n_estimators': 500};0.9996877143151349;0.9999389782102291;0.9999629390161061;0.9992338422231797;0.9998502161673196;0.9997347379863939;0.00026841489546168096;189
191;22.324513244628907;0.013646528069434987;0.25784878730773925;0.0015214035400715126;10;log2;1;2;500;{'max_depth': 10, 'max_features': 'log2', 'min_samples_leaf': 1, 'min_samples_split': 2, 'n_estimators': 500};0.9996302065460403;0.9996392606710754;0.9997194658916346;0.999658585358631;0.9997161325235051;0.9996727301981773;3.793819607751925e-05;190
164;22.25523762702942;0.09705351185218913;0.27347421646118164;0.030334752671987066;10;sqrt;1;2;500;{'max_depth': 10, 'max_features': 'sqrt', 'min_samples_leaf': 1, 'min_samples_split': 2, 'n_estimators': 500};0.9996302065460403;0.9996392606710754;0.9997194658916346;0.999658585358631;0.9997161325235051;0.9996727301981773;3.793819607751925e-05;190
170;22.48215169906616;0.07105519614239972;0.25963778495788575;0.001824596929666038;10;sqrt;1;10;500;{'max_depth': 10, 'max_features': 'sqrt', 'min_samples_leaf': 1, 'min_samples_split': 10, 'n_estimators': 500};0.9996360084610352;0.9996348757406907;0.9997200118120835;0.9996695380136418;0.9996847515871365;0.9996690371229174;3.194841703171772e-05;192
197;22.338858556747436;0.05230828785260944;0.264634370803833;0.010609460777955848;10;log2;1;10;500;{'max_depth': 10, 'max_features': 'log2', 'min_samples_leaf': 1, 'min_samples_split': 10, 'n_estimators': 500};0.9996360084610352;0.9996348757406907;0.9997200118120835;0.9996695380136418;0.9996847515871365;0.9996690371229174;3.194841703171772e-05;192
194;22.34903483390808;0.06505147364922524;0.2576595306396484;0.0015239997602748809;10;log2;1;5;500;{'max_depth': 10, 'max_features': 'log2', 'min_samples_leaf': 1, 'min_samples_split': 5, 'n_estimators': 500};0.9996044417628206;0.999635365417874;0.9997058923871966;0.9996728359404147;0.9997176880437194;0.999667244710405;4.249690381156584e-05;194
167;22.463909673690797;0.07364249000612484;0.25955934524536134;0.002010381082340412;10;sqrt;1;5;500;{'max_depth': 10, 'max_features': 'sqrt', 'min_samples_leaf': 1, 'min_samples_split': 5, 'n_estimators': 500};0.9996044417628206;0.999635365417874;0.9997058923871966;0.9996728359404147;0.9997176880437194;0.999667244710405;4.249690381156584e-05;194
200;22.34666085243225;0.03260242761377268;0.2588529109954834;0.0005465538084390254;10;log2;2;2;500;{'max_depth': 10, 'max_features': 'log2', 'min_samples_leaf': 2, 'min_samples_split': 2, 'n_estimators': 500};0.9995995242451483;0.9995851941210617;0.9997114424450492;0.9996474571307303;0.9997118238704858;0.9996510883624952;5.3564003412367974e-05;196
173;22.35483694076538;0.08199812271023506;0.26794281005859377;0.01721356026327221;10;sqrt;2;2;500;{'max_depth': 10, 'max_features': 'sqrt', 'min_samples_leaf': 2, 'min_samples_split': 2, 'n_estimators': 500};0.9995995242451483;0.9995851941210617;0.9997114424450492;0.9996474571307303;0.9997118238704858;0.9996510883624952;5.3564003412367974e-05;196
206;22.36557059288025;0.07284658085126389;0.2577821254730225;0.0016430586001707072;10;log2;2;10;500;{'max_depth': 10, 'max_features': 'log2', 'min_samples_leaf': 2, 'min_samples_split': 10, 'n_estimators': 500};0.9996214077459343;0.9995956435916521;0.9997184598890829;0.9996440421668539;0.9996643088232842;0.9996487724433616;4.169315593081582e-05;198
179;22.601445817947386;0.20137923329231355;0.2603296756744385;0.000669858888094281;10;sqrt;2;10;500;{'max_depth': 10, 'max_features': 'sqrt', 'min_samples_leaf': 2, 'min_samples_split': 10, 'n_estimators': 500};0.9996214077459343;0.9995956435916521;0.9997184598890829;0.9996440421668539;0.9996643088232842;0.9996487724433616;4.169315593081582e-05;198
203;22.390635538101197;0.03472369562458858;0.263437557220459;0.007301787601078644;10;log2;2;5;500;{'max_depth': 10, 'max_features': 'log2', 'min_samples_leaf': 2, 'min_samples_split': 5, 'n_estimators': 500};0.9995913491677002;0.9995929705172795;0.9996981099475688;0.9996501781104624;0.9997080773197513;0.9996481370125524;4.972424411811013e-05;200
176;22.759546852111818;0.19120900900417512;0.2608590602874756;0.0020455078074320685;10;sqrt;2;5;500;{'max_depth': 10, 'max_features': 'sqrt', 'min_samples_leaf': 2, 'min_samples_split': 5, 'n_estimators': 500};0.9995913491677002;0.9995929705172795;0.9996981099475688;0.9996501781104624;0.9997080773197513;0.9996481370125524;4.972424411811013e-05;200
190;8.958662843704223;0.03971820470428604;0.10594415664672852;0.0003554667342233291;10;log2;1;2;200;{'max_depth': 10, 'max_features': 'log2', 'min_samples_leaf': 1, 'min_samples_split': 2, 'n_estimators': 200};0.9995448447579957;0.9996007827998598;0.9996383425701953;0.9996526154304436;0.9996697886679531;0.9996212748452894;4.4471592439075176e-05;202
163;8.891783857345581;0.026515118773003672;0.10597829818725586;0.0007980411896931479;10;sqrt;1;2;200;{'max_depth': 10, 'max_features': 'sqrt', 'min_samples_leaf': 1, 'min_samples_split': 2, 'n_estimators': 200};0.9995448447579957;0.9996007827998598;0.9996383425701953;0.9996526154304436;0.9996697886679531;0.9996212748452894;4.4471592439075176e-05;202
196;8.935140943527221;0.028358601356692263;0.10511317253112792;0.00048750347911858126;10;log2;1;10;200;{'max_depth': 10, 'max_features': 'log2', 'min_samples_leaf': 1, 'min_samples_split': 10, 'n_estimators': 200};0.9995926862673152;0.9995404682418109;0.9996157861916455;0.9996791761694792;0.9996638257807955;0.9996183885302093;4.999726123861755e-05;204
169;9.024257898330688;0.052993985681043354;0.10651073455810547;0.000690281855484464;10;sqrt;1;10;200;{'max_depth': 10, 'max_features': 'sqrt', 'min_samples_leaf': 1, 'min_samples_split': 10, 'n_estimators': 200};0.9995926862673152;0.9995404682418109;0.9996157861916455;0.9996791761694792;0.9996638257807955;0.9996183885302093;4.999726123861755e-05;204
215;22.316709423065184;0.05638918344187083;0.2614312648773193;0.0074306320856893215;10;log2;4;10;500;{'max_depth': 10, 'max_features': 'log2', 'min_samples_leaf': 4, 'min_samples_split': 10, 'n_estimators': 500};0.999578477702241;0.9995467916188078;0.9997023407010805;0.999601610550377;0.9996615699195507;0.9996181580984114;5.641422941774657e-05;206
188;22.277860403060913;0.06504155835791077;0.25703773498535154;0.001849528211717951;10;sqrt;4;10;500;{'max_depth': 10, 'max_features': 'sqrt', 'min_samples_leaf': 4, 'min_samples_split': 10, 'n_estimators': 500};0.999578477702241;0.9995467916188078;0.9997023407010805;0.999601610550377;0.9996615699195507;0.9996181580984114;5.641422941774657e-05;206
212;22.2758846282959;0.04633223365881644;0.25717911720275877;0.0014055497641921775;10;log2;4;5;500;{'max_depth': 10, 'max_features': 'log2', 'min_samples_leaf': 4, 'min_samples_split': 5, 'n_estimators': 500};0.9995686055354602;0.9995379711824977;0.9997053956828652;0.9995946061116832;0.9996797537545878;0.9996172664534188;6.456088584400358e-05;208
182;22.25017156600952;0.06617964555444666;0.25812253952026365;0.0012805041867550075;10;sqrt;4;2;500;{'max_depth': 10, 'max_features': 'sqrt', 'min_samples_leaf': 4, 'min_samples_split': 2, 'n_estimators': 500};0.9995686055354602;0.9995379711824977;0.9997053956828652;0.9995946061116832;0.9996797537545878;0.9996172664534188;6.456088584400358e-05;208
209;22.29900884628296;0.027428736141776655;0.26315808296203613;0.00787061881554717;10;log2;4;2;500;{'max_depth': 10, 'max_features': 'log2', 'min_samples_leaf': 4, 'min_samples_split': 2, 'n_estimators': 500};0.9995686055354602;0.9995379711824977;0.9997053956828652;0.9995946061116832;0.9996797537545878;0.9996172664534188;6.456088584400358e-05;208
185;22.26047019958496;0.041773509988991035;0.26064453125;0.005431848454971008;10;sqrt;4;5;500;{'max_depth': 10, 'max_features': 'sqrt', 'min_samples_leaf': 4, 'min_samples_split': 5, 'n_estimators': 500};0.9995686055354602;0.9995379711824977;0.9997053956828652;0.9995946061116832;0.9996797537545878;0.9996172664534188;6.456088584400358e-05;208
193;8.978247261047363;0.025656542502449583;0.10525674819946289;0.0005109599826627374;10;log2;1;5;200;{'max_depth': 10, 'max_features': 'log2', 'min_samples_leaf': 1, 'min_samples_split': 5, 'n_estimators': 200};0.99952215655604;0.9995439447908152;0.9996286066533927;0.9996948065064373;0.9996733643911525;0.9996125757795676;6.870223468852987e-05;212
166;8.95401873588562;0.05303765537618029;0.10916676521301269;0.003702234486031341;10;sqrt;1;5;200;{'max_depth': 10, 'max_features': 'sqrt', 'min_samples_leaf': 1, 'min_samples_split': 5, 'n_estimators': 200};0.99952215655604;0.9995439447908152;0.9996286066533927;0.9996948065064373;0.9996733643911525;0.9996125757795676;6.870223468852987e-05;212
172;9.033746528625489;0.06484849847513893;0.1089097499847412;0.0024407587021504982;10;sqrt;2;2;200;{'max_depth': 10, 'max_features': 'sqrt', 'min_samples_leaf': 2, 'min_samples_split': 2, 'n_estimators': 200};0.9995425216277459;0.9995305681498369;0.9996311679198263;0.9996866408774197;0.9996551052110342;0.9996092007571725;6.199345220388335e-05;214
199;8.95071439743042;0.03744492619127955;0.10527496337890625;0.0004848229325238332;10;log2;2;2;200;{'max_depth': 10, 'max_features': 'log2', 'min_samples_leaf': 2, 'min_samples_split': 2, 'n_estimators': 200};0.9995425216277459;0.9995305681498369;0.9996311679198263;0.9996866408774197;0.9996551052110342;0.9996092007571725;6.199345220388335e-05;214
178;9.300445175170898;0.20075657692030632;0.10751123428344726;0.000698333958684856;10;sqrt;2;10;200;{'max_depth': 10, 'max_features': 'sqrt', 'min_samples_leaf': 2, 'min_samples_split': 10, 'n_estimators': 200};0.999576275525137;0.9995032253928563;0.9996065543388236;0.9996658341001154;0.9996414151419961;0.9995986608997857;5.65888883623089e-05;216
205;8.954061651229859;0.01901559273222855;0.10585684776306152;0.0017044783664045473;10;log2;2;10;200;{'max_depth': 10, 'max_features': 'log2', 'min_samples_leaf': 2, 'min_samples_split': 10, 'n_estimators': 200};0.999576275525137;0.9995032253928563;0.9996065543388236;0.9996658341001154;0.9996414151419961;0.9995986608997857;5.65888883623089e-05;216
175;8.99380259513855;0.10975814005658521;0.10657920837402343;0.001983043200693867;10;sqrt;2;5;200;{'max_depth': 10, 'max_features': 'sqrt', 'min_samples_leaf': 2, 'min_samples_split': 5, 'n_estimators': 200};0.9995133832547792;0.9995011198825324;0.9996165765650015;0.9996859119985856;0.9996556229912488;0.9995945229384295;7.467170592598418e-05;218
202;8.938770723342895;0.02178164719600682;0.10520892143249512;0.0005128864419197219;10;log2;2;5;200;{'max_depth': 10, 'max_features': 'log2', 'min_samples_leaf': 2, 'min_samples_split': 5, 'n_estimators': 200};0.9995133832547792;0.9995011198825324;0.9996165765650015;0.9996859119985856;0.9996556229912488;0.9995945229384295;7.467170592598418e-05;218
168;4.556215286254883;0.04177716024924225;0.05562214851379395;0.00045333694825558016;10;sqrt;1;10;100;{'max_depth': 10, 'max_features': 'sqrt', 'min_samples_leaf': 1, 'min_samples_split': 10, 'n_estimators': 100};0.9995386824672617;0.9995779348884694;0.9995452319714386;0.9995842435547196;0.9996115186760924;0.9995715223115964;2.6729375986685096e-05;220
195;4.495591735839843;0.010473663653776942;0.05432214736938477;0.0003518309487702247;10;log2;1;10;100;{'max_depth': 10, 'max_features': 'log2', 'min_samples_leaf': 1, 'min_samples_split': 10, 'n_estimators': 100};0.9995386824672617;0.9995779348884694;0.9995452319714386;0.9995842435547196;0.9996115186760924;0.9995715223115964;2.6729375986685096e-05;220
214;8.92875828742981;0.02563080825081462;0.10642619132995605;0.0021109980242710403;10;log2;4;10;200;{'max_depth': 10, 'max_features': 'log2', 'min_samples_leaf': 4, 'min_samples_split': 10, 'n_estimators': 200};0.9995079832673258;0.9994606622532349;0.9995999278370366;0.9996249148811637;0.9996578193868066;0.9995702615251135;7.40594900391839e-05;222
187;8.898854637145996;0.03203291389588533;0.1057319164276123;0.0007725838951103334;10;sqrt;4;10;200;{'max_depth': 10, 'max_features': 'sqrt', 'min_samples_leaf': 4, 'min_samples_split': 10, 'n_estimators': 200};0.9995079832673258;0.9994606622532349;0.9995999278370366;0.9996249148811637;0.9996578193868066;0.9995702615251135;7.40594900391839e-05;222
198;4.484401273727417;0.014421852073711328;0.053983306884765624;0.00020295371428107655;10;log2;2;2;100;{'max_depth': 10, 'max_features': 'log2', 'min_samples_leaf': 2, 'min_samples_split': 2, 'n_estimators': 100};0.9994740370253804;0.9995736071505643;0.9995680240874381;0.9996251108562396;0.9996097120370254;0.9995700982313295;5.2611809276415346e-05;224
171;4.498531913757324;0.019528717270282585;0.05500450134277344;0.000800606913332079;10;sqrt;2;2;100;{'max_depth': 10, 'max_features': 'sqrt', 'min_samples_leaf': 2, 'min_samples_split': 2, 'n_estimators': 100};0.9994740370253804;0.9995736071505643;0.9995680240874381;0.9996251108562396;0.9996097120370254;0.9995700982313295;5.2611809276415346e-05;224
162;4.440470552444458;0.013628683170654297;0.05490894317626953;0.0003645578465784902;10;sqrt;1;2;100;{'max_depth': 10, 'max_features': 'sqrt', 'min_samples_leaf': 1, 'min_samples_split': 2, 'n_estimators': 100};0.9994628859858297;0.9996260562634229;0.9995989780724462;0.9995500513860865;0.9996060162724089;0.9995687975960388;5.855482146193007e-05;226
189;4.481167650222778;0.020092815101977107;0.05429434776306152;0.0003612455180683009;10;log2;1;2;100;{'max_depth': 10, 'max_features': 'log2', 'min_samples_leaf': 1, 'min_samples_split': 2, 'n_estimators': 100};0.9994628859858297;0.9996260562634229;0.9995989780724462;0.9995500513860865;0.9996060162724089;0.9995687975960388;5.855482146193007e-05;226
184;8.917679786682129;0.03867774110579629;0.10567493438720703;0.0005138280572678854;10;sqrt;4;5;200;{'max_depth': 10, 'max_features': 'sqrt', 'min_samples_leaf': 4, 'min_samples_split': 5, 'n_estimators': 200};0.9994627990245386;0.9994621956114623;0.999607778453399;0.9996153789580605;0.9996552870025676;0.9995606878100055;8.178090865016675e-05;228
211;8.928686571121215;0.01770424268044516;0.10772995948791504;0.00186516358080448;10;log2;4;5;200;{'max_depth': 10, 'max_features': 'log2', 'min_samples_leaf': 4, 'min_samples_split': 5, 'n_estimators': 200};0.9994627990245386;0.9994621956114623;0.999607778453399;0.9996153789580605;0.9996552870025676;0.9995606878100055;8.178090865016675e-05;228
181;8.937704038619994;0.0222064855868139;0.10607185363769531;0.0010077625074831952;10;sqrt;4;2;200;{'max_depth': 10, 'max_features': 'sqrt', 'min_samples_leaf': 4, 'min_samples_split': 2, 'n_estimators': 200};0.9994627990245386;0.9994621956114623;0.999607778453399;0.9996153789580605;0.9996552870025676;0.9995606878100055;8.178090865016675e-05;228
208;8.916240453720093;0.027132006675776546;0.10870513916015626;0.005012483773629876;10;log2;4;2;200;{'max_depth': 10, 'max_features': 'log2', 'min_samples_leaf': 4, 'min_samples_split': 2, 'n_estimators': 200};0.9994627990245386;0.9994621956114623;0.999607778453399;0.9996153789580605;0.9996552870025676;0.9995606878100055;8.178090865016675e-05;228
165;4.465013933181763;0.02180187757722969;0.05449943542480469;0.00023994213635302413;10;sqrt;1;5;100;{'max_depth': 10, 'max_features': 'sqrt', 'min_samples_leaf': 1, 'min_samples_split': 5, 'n_estimators': 100};0.9994202955423445;0.999578168779285;0.9995499259821401;0.999605881365143;0.9996379020773478;0.9995584347492521;7.498067636176849e-05;232
192;4.490706872940064;0.02011515578954417;0.05435867309570312;0.00016905349403702156;10;log2;1;5;100;{'max_depth': 10, 'max_features': 'log2', 'min_samples_leaf': 1, 'min_samples_split': 5, 'n_estimators': 100};0.9994202955423445;0.999578168779285;0.9995499259821401;0.999605881365143;0.9996379020773478;0.9995584347492521;7.498067636176849e-05;232
204;4.4861804962158205;0.02192981280416459;0.054111385345458986;0.0002845990345201502;10;log2;2;10;100;{'max_depth': 10, 'max_features': 'log2', 'min_samples_leaf': 2, 'min_samples_split': 10, 'n_estimators': 100};0.9995341474816606;0.9995435849132006;0.9995317740772033;0.9995834697392478;0.9995703489580323;0.999552665033869;2.0607918132811753e-05;234
177;4.524714422225952;0.06107768084476045;0.05515036582946777;0.0007100279269831207;10;sqrt;2;10;100;{'max_depth': 10, 'max_features': 'sqrt', 'min_samples_leaf': 2, 'min_samples_split': 10, 'n_estimators': 100};0.9995341474816606;0.9995435849132006;0.9995317740772033;0.9995834697392478;0.9995703489580323;0.999552665033869;2.0607918132811753e-05;234
174;4.490973806381225;0.014474834706969716;0.05547318458557129;0.0010959114350096403;10;sqrt;2;5;100;{'max_depth': 10, 'max_features': 'sqrt', 'min_samples_leaf': 2, 'min_samples_split': 5, 'n_estimators': 100};0.9994236069693132;0.9995185730096541;0.9995391504656694;0.9996097659161962;0.9996115249169845;0.9995405242555636;6.926600581695514e-05;236
201;4.491429615020752;0.024985293107942015;0.05516834259033203;0.0013542666846071535;10;log2;2;5;100;{'max_depth': 10, 'max_features': 'log2', 'min_samples_leaf': 2, 'min_samples_split': 5, 'n_estimators': 100};0.9994236069693132;0.9995185730096541;0.9995391504656694;0.9996097659161962;0.9996115249169845;0.9995405242555636;6.926600581695514e-05;236
186;4.476437091827393;0.016569136171466034;0.05455317497253418;0.0005142349869550018;10;sqrt;4;10;100;{'max_depth': 10, 'max_features': 'sqrt', 'min_samples_leaf': 4, 'min_samples_split': 10, 'n_estimators': 100};0.9994247962119124;0.9994982949985735;0.9995306204723734;0.9995162693576924;0.9996272502448447;0.9995194462570793;6.505791626197302e-05;238
213;4.4873706817626955;0.015443453949879001;0.055480337142944335;0.0015873506823962911;10;log2;4;10;100;{'max_depth': 10, 'max_features': 'log2', 'min_samples_leaf': 4, 'min_samples_split': 10, 'n_estimators': 100};0.9994247962119124;0.9994982949985735;0.9995306204723734;0.9995162693576924;0.9996272502448447;0.9995194462570793;6.505791626197302e-05;238
180;4.532883262634277;0.03797687866128365;0.055463743209838864;0.0006010547491899713;10;sqrt;4;2;100;{'max_depth': 10, 'max_features': 'sqrt', 'min_samples_leaf': 4, 'min_samples_split': 2, 'n_estimators': 100};0.9993764243966757;0.9994843203816232;0.9995327738144919;0.9995101831710353;0.9996371219771989;0.9995081647482051;8.386145851672638e-05;240
207;4.477549314498901;0.015195723604865015;0.055207681655883786;0.0016975607723435445;10;log2;4;2;100;{'max_depth': 10, 'max_features': 'log2', 'min_samples_leaf': 4, 'min_samples_split': 2, 'n_estimators': 100};0.9993764243966757;0.9994843203816232;0.9995327738144919;0.9995101831710353;0.9996371219771989;0.9995081647482051;8.386145851672638e-05;240
210;4.4998115539550785;0.023310274816523147;0.055184030532836915;0.001219114965482085;10;log2;4;5;100;{'max_depth': 10, 'max_features': 'log2', 'min_samples_leaf': 4, 'min_samples_split': 5, 'n_estimators': 100};0.9993764243966757;0.9994843203816232;0.9995327738144919;0.9995101831710353;0.9996371219771989;0.9995081647482051;8.386145851672638e-05;240
183;4.48135232925415;0.019428450199943936;0.05509219169616699;0.0014696246350230314;10;sqrt;4;5;100;{'max_depth': 10, 'max_features': 'sqrt', 'min_samples_leaf': 4, 'min_samples_split': 5, 'n_estimators': 100};0.9993764243966757;0.9994843203816232;0.9995327738144919;0.9995101831710353;0.9996371219771989;0.9995081647482051;8.386145851672638e-05;240
136;21.0297390460968;0.0794353411196056;0.07491002082824708;0.00035271292297019016;5;;1;2;200;{'max_depth': 5, 'max_features': None, 'min_samples_leaf': 1, 'min_samples_split': 2, 'n_estimators': 200};0.9680988733740664;0.9725212038689944;0.9746481712529316;0.9709207389338188;0.9690633389643484;0.971050465278832;0.0023572846651707647;244
139;21.040037441253663;0.13040328910137083;0.07587113380432128;0.0012107538906304676;5;;1;5;200;{'max_depth': 5, 'max_features': None, 'min_samples_leaf': 1, 'min_samples_split': 5, 'n_estimators': 200};0.9680988733740664;0.9725212038689944;0.9746481712529316;0.9709207389338188;0.9690633389643484;0.971050465278832;0.0023572846651707647;244
142;20.98520917892456;0.08251745390339409;0.07540006637573242;0.0008583625987302279;5;;1;10;200;{'max_depth': 5, 'max_features': None, 'min_samples_leaf': 1, 'min_samples_split': 10, 'n_estimators': 200};0.9680988733740664;0.9725212038689944;0.9746481712529316;0.9709207389338188;0.9690633389643484;0.971050465278832;0.0023572846651707647;244
145;21.02828369140625;0.07307495653447696;0.075531005859375;0.0008147199274083675;5;;2;2;200;{'max_depth': 5, 'max_features': None, 'min_samples_leaf': 2, 'min_samples_split': 2, 'n_estimators': 200};0.9680988733740664;0.9725212038689944;0.9746481712529316;0.9709207389338188;0.9690633389643484;0.971050465278832;0.0023572846651707647;244
148;21.3535364151001;0.22315087246441107;0.07922801971435547;0.007525452319360475;5;;2;5;200;{'max_depth': 5, 'max_features': None, 'min_samples_leaf': 2, 'min_samples_split': 5, 'n_estimators': 200};0.9680988733740664;0.9725212038689944;0.9746481712529316;0.9709207389338188;0.9690633389643484;0.971050465278832;0.0023572846651707647;244
151;21.14233078956604;0.056358428224636235;0.0752596378326416;0.0002801206418404545;5;;2;10;200;{'max_depth': 5, 'max_features': None, 'min_samples_leaf': 2, 'min_samples_split': 10, 'n_estimators': 200};0.9680988733740664;0.9725212038689944;0.9746481712529316;0.9709207389338188;0.9690633389643484;0.971050465278832;0.0023572846651707647;244
154;20.956403255462646;0.038640346057814905;0.07505970001220703;0.00037678459310162274;5;;4;2;200;{'max_depth': 5, 'max_features': None, 'min_samples_leaf': 4, 'min_samples_split': 2, 'n_estimators': 200};0.9680802770422242;0.9725255753050467;0.9746717952776481;0.970876271891886;0.9690473403488307;0.9710402519731272;0.0023729445831636906;250
157;21.02749629020691;0.1963382868337862;0.07523946762084961;0.00037351015287167725;5;;4;5;200;{'max_depth': 5, 'max_features': None, 'min_samples_leaf': 4, 'min_samples_split': 5, 'n_estimators': 200};0.9680802770422242;0.9725255753050467;0.9746717952776481;0.970876271891886;0.9690473403488307;0.9710402519731272;0.0023729445831636906;250
160;21.11194291114807;0.16261409008083733;0.07560601234436035;0.0004292212962443959;5;;4;10;200;{'max_depth': 5, 'max_features': None, 'min_samples_leaf': 4, 'min_samples_split': 10, 'n_estimators': 200};0.9680802770422242;0.9725255753050467;0.9746717952776481;0.970876271891886;0.9690473403488307;0.9710402519731272;0.0023729445831636906;250
149;52.96377186775207;0.22904642372272735;0.18443541526794432;0.001325092699488116;5;;2;5;500;{'max_depth': 5, 'max_features': None, 'min_samples_leaf': 2, 'min_samples_split': 5, 'n_estimators': 500};0.9680421412675818;0.9722731828189357;0.9749795991286007;0.9704885048274052;0.9691323990062455;0.9709831654097538;0.002447663202405575;253
146;52.98533163070679;0.39839160298020543;0.18439435958862305;0.0007796060488833238;5;;2;2;500;{'max_depth': 5, 'max_features': None, 'min_samples_leaf': 2, 'min_samples_split': 2, 'n_estimators': 500};0.9680421412675818;0.9722731828189357;0.9749795991286007;0.9704885048274052;0.9691323990062455;0.9709831654097538;0.002447663202405575;253
152;52.71064591407776;0.23012009545503767;0.1847529888153076;0.0015949982796990135;5;;2;10;500;{'max_depth': 5, 'max_features': None, 'min_samples_leaf': 2, 'min_samples_split': 10, 'n_estimators': 500};0.9680421412675818;0.9722731828189357;0.9749795991286007;0.9704885048274052;0.9691323990062455;0.9709831654097538;0.002447663202405575;253
140;52.44467921257019;0.09058472677292546;0.18867173194885253;0.005696469301456631;5;;1;5;500;{'max_depth': 5, 'max_features': None, 'min_samples_leaf': 1, 'min_samples_split': 5, 'n_estimators': 500};0.9680421412675818;0.9722725915470769;0.9749795991286007;0.9704885048274052;0.9691309010521967;0.9709827475645723;0.002447827473766055;256
137;52.3980429649353;0.10207827247039863;0.1869943618774414;0.006936761064601126;5;;1;2;500;{'max_depth': 5, 'max_features': None, 'min_samples_leaf': 1, 'min_samples_split': 2, 'n_estimators': 500};0.9680421412675818;0.9722725915470769;0.9749795991286007;0.9704885048274052;0.9691309010521967;0.9709827475645723;0.002447827473766055;256
143;52.538480281829834;0.1381833314286793;0.18330912590026854;0.0006050226741373775;5;;1;10;500;{'max_depth': 5, 'max_features': None, 'min_samples_leaf': 1, 'min_samples_split': 10, 'n_estimators': 500};0.9680421412675818;0.9722725915470769;0.9749795991286007;0.9704885048274052;0.9691309010521967;0.9709827475645723;0.002447827473766055;256
161;52.973643112182614;0.20427666513577375;0.18430538177490235;0.0006649574680736865;5;;4;10;500;{'max_depth': 5, 'max_features': None, 'min_samples_leaf': 4, 'min_samples_split': 10, 'n_estimators': 500};0.9680196370268707;0.9722744879735848;0.974992689382392;0.9704399540738473;0.9691014896339291;0.9709656516181248;0.0024641649921817582;259
155;52.54536356925964;0.1934059932567798;0.18325915336608886;0.0012682634989203843;5;;4;2;500;{'max_depth': 5, 'max_features': None, 'min_samples_leaf': 4, 'min_samples_split': 2, 'n_estimators': 500};0.9680196370268707;0.9722744879735848;0.974992689382392;0.9704399540738473;0.9691014896339291;0.9709656516181248;0.0024641649921817582;259
158;52.791686058044434;0.3664338876340686;0.1843703269958496;0.001120984663250605;5;;4;5;500;{'max_depth': 5, 'max_features': None, 'min_samples_leaf': 4, 'min_samples_split': 5, 'n_estimators': 500};0.9680196370268707;0.9722744879735848;0.974992689382392;0.9704399540738473;0.9691014896339291;0.9709656516181248;0.0024641649921817582;259
138;10.491140460968017;0.03228521916606625;0.03876938819885254;0.00023110141008227618;5;;1;5;100;{'max_depth': 5, 'max_features': None, 'min_samples_leaf': 1, 'min_samples_split': 5, 'n_estimators': 100};0.968556447065862;0.9722346086330582;0.9741802467220132;0.9704067060639516;0.9692708638106194;0.9709297744591009;0.002045797162703897;262
141;10.593614292144775;0.14449757159251897;0.038979959487915036;0.00030363095706036216;5;;1;10;100;{'max_depth': 5, 'max_features': None, 'min_samples_leaf': 1, 'min_samples_split': 10, 'n_estimators': 100};0.968556447065862;0.9722346086330582;0.9741802467220132;0.9704067060639516;0.9692708638106194;0.9709297744591009;0.002045797162703897;262
135;10.513653707504272;0.028842096913889892;0.03958892822265625;0.0015787059577673276;5;;1;2;100;{'max_depth': 5, 'max_features': None, 'min_samples_leaf': 1, 'min_samples_split': 2, 'n_estimators': 100};0.968556447065862;0.9722346086330582;0.9741802467220132;0.9704067060639516;0.9692708638106194;0.9709297744591009;0.002045797162703897;262
147;10.540564823150635;0.048179802797382563;0.03883662223815918;0.0003043560328214546;5;;2;5;100;{'max_depth': 5, 'max_features': None, 'min_samples_leaf': 2, 'min_samples_split': 5, 'n_estimators': 100};0.968556447065862;0.9722346086330582;0.9741802467220132;0.9704067060639516;0.9692708638106194;0.9709297744591009;0.002045797162703897;262
150;10.664455795288086;0.13204492785331848;0.03902525901794433;0.00024498700602525257;5;;2;10;100;{'max_depth': 5, 'max_features': None, 'min_samples_leaf': 2, 'min_samples_split': 10, 'n_estimators': 100};0.968556447065862;0.9722346086330582;0.9741802467220132;0.9704067060639516;0.9692708638106194;0.9709297744591009;0.002045797162703897;262
144;10.532310104370117;0.06696974570589001;0.0391047477722168;0.00036681804153715423;5;;2;2;100;{'max_depth': 5, 'max_features': None, 'min_samples_leaf': 2, 'min_samples_split': 2, 'n_estimators': 100};0.968556447065862;0.9722346086330582;0.9741802467220132;0.9704067060639516;0.9692708638106194;0.9709297744591009;0.002045797162703897;262
153;10.486365842819215;0.013632334624520868;0.03893136978149414;0.00026507492995006787;5;;4;2;100;{'max_depth': 5, 'max_features': None, 'min_samples_leaf': 4, 'min_samples_split': 2, 'n_estimators': 100};0.968524140652488;0.9722359216497405;0.9742226756123245;0.9703473004764139;0.9692556322018369;0.9709171341185607;0.002072559859065829;268
159;10.544097185134888;0.06562676506041829;0.03895502090454102;0.00020201246586163513;5;;4;10;100;{'max_depth': 5, 'max_features': None, 'min_samples_leaf': 4, 'min_samples_split': 10, 'n_estimators': 100};0.968524140652488;0.9722359216497405;0.9742226756123245;0.9703473004764139;0.9692556322018369;0.9709171341185607;0.002072559859065829;268
156;10.552560663223266;0.1111127934597131;0.038927125930786136;0.00019041424267977804;5;;4;5;100;{'max_depth': 5, 'max_features': None, 'min_samples_leaf': 4, 'min_samples_split': 5, 'n_estimators': 100};0.968524140652488;0.9722359216497405;0.9742226756123245;0.9703473004764139;0.9692556322018369;0.9709171341185607;0.002072559859065829;268
98;14.563174104690551;0.018482472416497676;0.17422032356262207;0.0003965779566722103;5;sqrt;2;10;500;{'max_depth': 5, 'max_features': 'sqrt', 'min_samples_leaf': 2, 'min_samples_split': 10, 'n_estimators': 500};0.9626691668309834;0.9638428722983934;0.9633748645466489;0.9610253656543003;0.9649295942516267;0.9631683727163907;0.0012993210259561684;271
125;14.605822563171387;0.12714517018363386;0.17478580474853517;0.00044715831068603285;5;log2;2;10;500;{'max_depth': 5, 'max_features': 'log2', 'min_samples_leaf': 2, 'min_samples_split': 10, 'n_estimators': 500};0.9626691668309834;0.9638428722983934;0.9633748645466489;0.9610253656543003;0.9649295942516267;0.9631683727163907;0.0012993210259561684;271
89;14.528863620758056;0.05698823190202774;0.17435917854309083;0.0008117715134785206;5;sqrt;1;10;500;{'max_depth': 5, 'max_features': 'sqrt', 'min_samples_leaf': 1, 'min_samples_split': 10, 'n_estimators': 500};0.9626166818223372;0.9636568410364243;0.963434087927333;0.9610931306114839;0.9649685309393246;0.9631538544673806;0.0012774751848381874;273
116;14.611972284317016;0.0329117251349185;0.17567806243896483;0.0009137824860740317;5;log2;1;10;500;{'max_depth': 5, 'max_features': 'log2', 'min_samples_leaf': 1, 'min_samples_split': 10, 'n_estimators': 500};0.9626166818223372;0.9636568410364243;0.963434087927333;0.9610931306114839;0.9649685309393246;0.9631538544673806;0.0012774751848381874;273
92;14.550658369064331;0.05688864166461672;0.1745748519897461;0.0006899617006528678;5;sqrt;2;2;500;{'max_depth': 5, 'max_features': 'sqrt', 'min_samples_leaf': 2, 'min_samples_split': 2, 'n_estimators': 500};0.9625858282187303;0.9636091887586385;0.9633400175266198;0.96104475227541;0.9647970081552057;0.9630753589869208;0.0012395239583244918;275
119;14.611396980285644;0.040149271799876735;0.1750269889831543;0.00019469866695325837;5;log2;2;2;500;{'max_depth': 5, 'max_features': 'log2', 'min_samples_leaf': 2, 'min_samples_split': 2, 'n_estimators': 500};0.9625858282187303;0.9636091887586385;0.9633400175266198;0.96104475227541;0.9647970081552057;0.9630753589869208;0.0012395239583244918;275
95;14.550304412841797;0.03670934562411187;0.17509078979492188;0.001062261172572626;5;sqrt;2;5;500;{'max_depth': 5, 'max_features': 'sqrt', 'min_samples_leaf': 2, 'min_samples_split': 5, 'n_estimators': 500};0.9625860302196041;0.963560411723257;0.9633400175266198;0.9610447535112098;0.964797001579774;0.963065642912093;0.001235451556893278;277
122;14.574604177474976;0.03762086331697095;0.17495875358581542;0.00047707931568562254;5;log2;2;5;500;{'max_depth': 5, 'max_features': 'log2', 'min_samples_leaf': 2, 'min_samples_split': 5, 'n_estimators': 500};0.9625860302196041;0.963560411723257;0.9633400175266198;0.9610447535112098;0.964797001579774;0.963065642912093;0.001235451556893278;277
113;14.599787187576293;0.033904572243393195;0.17514729499816895;0.0007123238395507661;5;log2;1;5;500;{'max_depth': 5, 'max_features': 'log2', 'min_samples_leaf': 1, 'min_samples_split': 5, 'n_estimators': 500};0.9625414763369279;0.9633721788454173;0.9633985601543062;0.9611133114164279;0.9648370081114145;0.9630525069728988;0.0012188534728131122;279
86;14.648233699798585;0.06883802467201698;0.17519822120666503;0.0006015157886884547;5;sqrt;1;5;500;{'max_depth': 5, 'max_features': 'sqrt', 'min_samples_leaf': 1, 'min_samples_split': 5, 'n_estimators': 500};0.9625414763369279;0.9633721788454173;0.9633985601543062;0.9611133114164279;0.9648370081114145;0.9630525069728988;0.0012188534728131122;279
134;14.478112649917602;0.03948740739791322;0.17370548248291015;0.0005878534585593291;5;log2;4;10;500;{'max_depth': 5, 'max_features': 'log2', 'min_samples_leaf': 4, 'min_samples_split': 10, 'n_estimators': 500};0.9624149095168036;0.9635309315068832;0.9633547215435936;0.9610030936072217;0.9648870325137535;0.9630381377376512;0.0012877345166092018;281
107;14.948824310302735;0.17956144011226652;0.19008488655090333;0.025703830393086186;5;sqrt;4;10;500;{'max_depth': 5, 'max_features': 'sqrt', 'min_samples_leaf': 4, 'min_samples_split': 10, 'n_estimators': 500};0.9624149095168036;0.9635309315068832;0.9633547215435936;0.9610030936072217;0.9648870325137535;0.9630381377376512;0.0012877345166092018;281
83;14.575154352188111;0.06230895287685789;0.17502565383911134;0.000924277049453849;5;sqrt;1;2;500;{'max_depth': 5, 'max_features': 'sqrt', 'min_samples_leaf': 1, 'min_samples_split': 2, 'n_estimators': 500};0.9625653455131274;0.9633644771271141;0.9633320878278662;0.9610592325383467;0.9647485592460676;0.9630139404505045;0.0012045842868794333;283
110;14.903205585479736;0.20342504219063173;0.17553358078002929;0.0005681765038967417;5;log2;1;2;500;{'max_depth': 5, 'max_features': 'log2', 'min_samples_leaf': 1, 'min_samples_split': 2, 'n_estimators': 500};0.9625653455131274;0.9633644771271141;0.9633320878278662;0.9610592325383467;0.9647485592460676;0.9630139404505045;0.0012045842868794333;283
128;14.55669469833374;0.036997867234104795;0.17524003982543945;0.0014075044401515202;5;log2;4;2;500;{'max_depth': 5, 'max_features': 'log2', 'min_samples_leaf': 4, 'min_samples_split': 2, 'n_estimators': 500};0.9622641904081461;0.9633610595369074;0.9633585293798705;0.9609901906219084;0.9649264228692109;0.9629800785632087;0.0013075761966287887;285
104;14.530690574645996;0.018216109877185544;0.1750277042388916;0.0010386168290248772;5;sqrt;4;5;500;{'max_depth': 5, 'max_features': 'sqrt', 'min_samples_leaf': 4, 'min_samples_split': 5, 'n_estimators': 500};0.9622641904081461;0.9633610595369074;0.9633585293798705;0.9609901906219084;0.9649264228692109;0.9629800785632087;0.0013075761966287887;285
101;14.6049250125885;0.06577619889782506;0.17436766624450684;0.0009389310870460489;5;sqrt;4;2;500;{'max_depth': 5, 'max_features': 'sqrt', 'min_samples_leaf': 4, 'min_samples_split': 2, 'n_estimators': 500};0.9622641904081461;0.9633610595369074;0.9633585293798705;0.9609901906219084;0.9649264228692109;0.9629800785632087;0.0013075761966287887;285
131;14.529161024093629;0.017049345500286417;0.17616186141967774;0.00316819253731192;5;log2;4;5;500;{'max_depth': 5, 'max_features': 'log2', 'min_samples_leaf': 4, 'min_samples_split': 5, 'n_estimators': 500};0.9622641904081461;0.9633610595369074;0.9633585293798705;0.9609901906219084;0.9649264228692109;0.9629800785632087;0.0013075761966287887;285
118;5.850280809402466;0.01141265276825191;0.07308073043823242;0.002266244746056956;5;log2;2;2;200;{'max_depth': 5, 'max_features': 'log2', 'min_samples_leaf': 2, 'min_samples_split': 2, 'n_estimators': 200};0.9612763481461464;0.96288952300672;0.9621781921478495;0.9605657737403654;0.9635128592448696;0.9620845392571902;0.0010636436673253614;289
91;5.836015510559082;0.023861697760974583;0.07152223587036133;0.0002254477309679491;5;sqrt;2;2;200;{'max_depth': 5, 'max_features': 'sqrt', 'min_samples_leaf': 2, 'min_samples_split': 2, 'n_estimators': 200};0.9612763481461464;0.96288952300672;0.9621781921478495;0.9605657737403654;0.9635128592448696;0.9620845392571902;0.0010636436673253614;289
112;5.843192434310913;0.005601250620036977;0.07166070938110351;0.0003627837581210578;5;log2;1;5;200;{'max_depth': 5, 'max_features': 'log2', 'min_samples_leaf': 1, 'min_samples_split': 5, 'n_estimators': 200};0.961238704268045;0.9624435596787806;0.9625628269115382;0.9607140655370909;0.9633506901468315;0.9620619693084572;0.0009541363479268534;291
85;5.839056158065796;0.02036609695331447;0.07179627418518067;0.0002674410651955353;5;sqrt;1;5;200;{'max_depth': 5, 'max_features': 'sqrt', 'min_samples_leaf': 1, 'min_samples_split': 5, 'n_estimators': 200};0.961238704268045;0.9624435596787806;0.9625628269115382;0.9607140655370909;0.9633506901468315;0.9620619693084572;0.0009541363479268534;291
121;5.858404636383057;0.01295977309031868;0.07180380821228027;0.0006656147841146414;5;log2;2;5;200;{'max_depth': 5, 'max_features': 'log2', 'min_samples_leaf': 2, 'min_samples_split': 5, 'n_estimators': 200};0.9612757601881009;0.9627630417332225;0.9621781921478495;0.9605657770275465;0.9635128007911025;0.9620591143775645;0.00104561920921848;293
94;5.8259683609008786;0.013255851291442253;0.07140727043151855;0.00022398576750822343;5;sqrt;2;5;200;{'max_depth': 5, 'max_features': 'sqrt', 'min_samples_leaf': 2, 'min_samples_split': 5, 'n_estimators': 200};0.9612757601881009;0.9627630417332225;0.9621781921478495;0.9605657770275465;0.9635128007911025;0.9620591143775645;0.00104561920921848;293
115;5.846871280670166;0.016663097735945626;0.07400522232055665;0.0037560539365387785;5;log2;1;10;200;{'max_depth': 5, 'max_features': 'log2', 'min_samples_leaf': 1, 'min_samples_split': 10, 'n_estimators': 200};0.9610522581156596;0.9625741091797256;0.9625826318100692;0.9606484993650095;0.9633827764183216;0.9620480549777571;0.0010290144839303845;295
88;5.848200845718384;0.04648337500559718;0.07171134948730469;0.0003327008523251982;5;sqrt;1;10;200;{'max_depth': 5, 'max_features': 'sqrt', 'min_samples_leaf': 1, 'min_samples_split': 10, 'n_estimators': 200};0.9610522581156596;0.9625741091797256;0.9625826318100692;0.9606484993650095;0.9633827764183216;0.9620480549777571;0.0010290144839303845;295
109;6.100346612930298;0.06835754237648153;0.07256994247436524;0.00028496390997660877;5;log2;1;2;200;{'max_depth': 5, 'max_features': 'log2', 'min_samples_leaf': 1, 'min_samples_split': 2, 'n_estimators': 200};0.961238704268045;0.9625705233958486;0.9624685500589246;0.9604344239598162;0.9635254850392507;0.9620475373443771;0.0010854898655855943;297
82;5.8233085632324215;0.016806774895728526;0.07157816886901855;0.00042115867215136585;5;sqrt;1;2;200;{'max_depth': 5, 'max_features': 'sqrt', 'min_samples_leaf': 1, 'min_samples_split': 2, 'n_estimators': 200};0.961238704268045;0.9625705233958486;0.9624685500589246;0.9604344239598162;0.9635254850392507;0.9620475373443771;0.0010854898655855943;297
97;5.854556226730347;0.019798364549861867;0.07166361808776855;0.00042035073862066463;5;sqrt;2;10;200;{'max_depth': 5, 'max_features': 'sqrt', 'min_samples_leaf': 2, 'min_samples_split': 10, 'n_estimators': 200};0.9610905242506194;0.9628919962277603;0.962199440890056;0.9605050003008844;0.9635461055224458;0.9620466134383532;0.0011204626188672405;299
124;5.836456155776977;0.007343495795908846;0.07262473106384278;0.001859998748844428;5;log2;2;10;200;{'max_depth': 5, 'max_features': 'log2', 'min_samples_leaf': 2, 'min_samples_split': 10, 'n_estimators': 200};0.9610905242506194;0.9628919962277603;0.962199440890056;0.9605050003008844;0.9635461055224458;0.9620466134383532;0.0011204626188672405;299
133;5.824565172195435;0.006966676869798421;0.0726438045501709;0.0019537240942870088;5;log2;4;10;200;{'max_depth': 5, 'max_features': 'log2', 'min_samples_leaf': 4, 'min_samples_split': 10, 'n_estimators': 200};0.9608822171191349;0.962743833170667;0.9622762416294979;0.9603486321630857;0.9635262400855449;0.9619554328335861;0.0011769051926400322;301
106;5.844141483306885;0.008548700417091501;0.07185130119323731;0.0002829304508511627;5;sqrt;4;10;200;{'max_depth': 5, 'max_features': 'sqrt', 'min_samples_leaf': 4, 'min_samples_split': 10, 'n_estimators': 200};0.9608822171191349;0.962743833170667;0.9622762416294979;0.9603486321630857;0.9635262400855449;0.9619554328335861;0.0011769051926400322;301
103;5.8486121654510494;0.014454638159509814;0.07229018211364746;0.0014020126729914202;5;sqrt;4;5;200;{'max_depth': 5, 'max_features': 'sqrt', 'min_samples_leaf': 4, 'min_samples_split': 5, 'n_estimators': 200};0.9608854286742232;0.9626397582561097;0.9621501757405467;0.9603140607014486;0.963662440442936;0.9619303727630528;0.0012046553369024528;303
127;5.869121313095093;0.02890331062034036;0.07237629890441895;0.0009564028022467009;5;log2;4;2;200;{'max_depth': 5, 'max_features': 'log2', 'min_samples_leaf': 4, 'min_samples_split': 2, 'n_estimators': 200};0.9608854286742232;0.9626397582561097;0.9621501757405467;0.9603140607014486;0.963662440442936;0.9619303727630528;0.0012046553369024528;303
100;5.864565801620484;0.014889182871302479;0.07169742584228515;0.00017606571375683946;5;sqrt;4;2;200;{'max_depth': 5, 'max_features': 'sqrt', 'min_samples_leaf': 4, 'min_samples_split': 2, 'n_estimators': 200};0.9608854286742232;0.9626397582561097;0.9621501757405467;0.9603140607014486;0.963662440442936;0.9619303727630528;0.0012046553369024528;303
130;5.8343579292297365;0.008344929039794552;0.07341208457946777;0.0021648424396423865;5;log2;4;5;200;{'max_depth': 5, 'max_features': 'log2', 'min_samples_leaf': 4, 'min_samples_split': 5, 'n_estimators': 200};0.9608854286742232;0.9626397582561097;0.9621501757405467;0.9603140607014486;0.963662440442936;0.9619303727630528;0.0012046553369024528;303
84;2.918458080291748;0.012261812676691485;0.03714756965637207;0.00013357794475842363;5;sqrt;1;5;100;{'max_depth': 5, 'max_features': 'sqrt', 'min_samples_leaf': 1, 'min_samples_split': 5, 'n_estimators': 100};0.9613522210896417;0.9615683690916984;0.9610631351972075;0.959831757652486;0.9621635698529349;0.9611958105767936;0.0007717597098547724;307
111;3.000844144821167;0.07070818754200708;0.03726902008056641;0.0003972809812300376;5;log2;1;5;100;{'max_depth': 5, 'max_features': 'log2', 'min_samples_leaf': 1, 'min_samples_split': 5, 'n_estimators': 100};0.9613522210896417;0.9615683690916984;0.9610631351972075;0.959831757652486;0.9621635698529349;0.9611958105767936;0.0007717597098547724;307
90;2.924013090133667;0.00733798868366953;0.03720283508300781;0.0002062675412495695;5;sqrt;2;2;100;{'max_depth': 5, 'max_features': 'sqrt', 'min_samples_leaf': 2, 'min_samples_split': 2, 'n_estimators': 100};0.9614443257366391;0.9615557100586832;0.9607417706697311;0.9594028390569306;0.9625064356387627;0.9611302162321493;0.001030379686600784;309
117;2.932762956619263;0.006794645592296178;0.03776793479919434;0.0007586505621307181;5;log2;2;2;100;{'max_depth': 5, 'max_features': 'log2', 'min_samples_leaf': 2, 'min_samples_split': 2, 'n_estimators': 100};0.9614443257366391;0.9615557100586832;0.9607417706697311;0.9594028390569306;0.9625064356387627;0.9611302162321493;0.001030379686600784;309
93;2.912381649017334;0.009166916924880484;0.03697195053100586;0.00012901971127062187;5;sqrt;2;5;100;{'max_depth': 5, 'max_features': 'sqrt', 'min_samples_leaf': 2, 'min_samples_split': 5, 'n_estimators': 100};0.9614443257366391;0.9615557100586832;0.9607417706697311;0.9594028390569306;0.9625063459134279;0.9611301982870823;0.001030355718744167;311
120;2.956080675125122;0.021516620228121588;0.037810993194580075;0.0012230807149906293;5;log2;2;5;100;{'max_depth': 5, 'max_features': 'log2', 'min_samples_leaf': 2, 'min_samples_split': 5, 'n_estimators': 100};0.9614443257366391;0.9615557100586832;0.9607417706697311;0.9594028390569306;0.9625063459134279;0.9611301982870823;0.001030355718744167;311
114;2.9483702182769775;0.03975511057937547;0.03773956298828125;0.0009659076161865269;5;log2;1;10;100;{'max_depth': 5, 'max_features': 'log2', 'min_samples_leaf': 1, 'min_samples_split': 10, 'n_estimators': 100};0.9607557973971566;0.9616467176940787;0.9612089644968317;0.9597411819906756;0.9622925902502149;0.9611290503657915;0.0008594983652109536;313
87;2.9525149345397947;0.04670232898096884;0.03726296424865723;0.00017326502639782978;5;sqrt;1;10;100;{'max_depth': 5, 'max_features': 'sqrt', 'min_samples_leaf': 1, 'min_samples_split': 10, 'n_estimators': 100};0.9607557973971566;0.9616467176940787;0.9612089644968317;0.9597411819906756;0.9622925902502149;0.9611290503657915;0.0008594983652109536;313
108;2.9886791706085205;0.056769034906261506;0.04762635231018066;0.020721211226455087;5;log2;1;2;100;{'max_depth': 5, 'max_features': 'log2', 'min_samples_leaf': 1, 'min_samples_split': 2, 'n_estimators': 100};0.9613522210896417;0.9615683690916984;0.9608208341241032;0.959249069544499;0.962554907048214;0.9611090801796311;0.0010865730064857164;315
81;2.8993266582489015;0.006061351351415907;0.03690633773803711;0.00023261530036725308;5;sqrt;1;2;100;{'max_depth': 5, 'max_features': 'sqrt', 'min_samples_leaf': 1, 'min_samples_split': 2, 'n_estimators': 100};0.9613522210896417;0.9615683690916984;0.9608208341241032;0.959249069544499;0.962554907048214;0.9611090801796311;0.0010865730064857164;315
123;2.9236381530761717;0.0032005285314486718;0.037836742401123044;0.0006488145976653699;5;log2;2;10;100;{'max_depth': 5, 'max_features': 'log2', 'min_samples_leaf': 2, 'min_samples_split': 10, 'n_estimators': 100};0.9608510826446092;0.961634060167053;0.9608941854283974;0.9593175633996941;0.9626345600787671;0.9610662903437042;0.0010877327718285706;317
96;2.915219306945801;0.006060535526605004;0.03774814605712891;0.0015974293279850337;5;sqrt;2;10;100;{'max_depth': 5, 'max_features': 'sqrt', 'min_samples_leaf': 2, 'min_samples_split': 10, 'n_estimators': 100};0.9608510826446092;0.961634060167053;0.9608941854283974;0.9593175633996941;0.9626345600787671;0.9610662903437042;0.0010877327718285706;317
105;2.926984405517578;0.01112197891298658;0.03686380386352539;6.890981633574882e-05;5;sqrt;4;10;100;{'max_depth': 5, 'max_features': 'sqrt', 'min_samples_leaf': 4, 'min_samples_split': 10, 'n_estimators': 100};0.9604158774331703;0.9612855754442688;0.9608671092995303;0.9592622381084013;0.9625006246392793;0.9608662849849299;0.001060443739134667;319
132;2.9302099704742433;0.006572788599911799;0.037916135787963864;0.0014885050219938208;5;log2;4;10;100;{'max_depth': 5, 'max_features': 'log2', 'min_samples_leaf': 4, 'min_samples_split': 10, 'n_estimators': 100};0.9604158774331703;0.9612855754442688;0.9608671092995303;0.9592622381084013;0.9625006246392793;0.9608662849849299;0.001060443739134667;319
129;2.922331762313843;0.005512436842120626;0.03817105293273926;0.0008926326774907892;5;log2;4;5;100;{'max_depth': 5, 'max_features': 'log2', 'min_samples_leaf': 4, 'min_samples_split': 5, 'n_estimators': 100};0.9606694346918332;0.9612855754442688;0.9606158779360567;0.9592961477533305;0.9623714645628119;0.9608477000776603;0.0010006425646699965;321
102;2.9315109252929688;0.006051735312760982;0.03794093132019043;0.0014527765653641687;5;sqrt;4;5;100;{'max_depth': 5, 'max_features': 'sqrt', 'min_samples_leaf': 4, 'min_samples_split': 5, 'n_estimators': 100};0.9606694346918332;0.9612855754442688;0.9606158779360567;0.9592961477533305;0.9623714645628119;0.9608477000776603;0.0010006425646699965;321
126;2.9500896453857424;0.031083312777059047;0.037526845932006836;0.0006281678330690974;5;log2;4;2;100;{'max_depth': 5, 'max_features': 'log2', 'min_samples_leaf': 4, 'min_samples_split': 2, 'n_estimators': 100};0.9606694346918332;0.9612855754442688;0.9606158779360567;0.9592961477533305;0.9623714645628119;0.9608477000776603;0.0010006425646699965;321
99;2.9338443756103514;0.007345881648665137;0.03731622695922852;0.00041997616716317996;5;sqrt;4;2;100;{'max_depth': 5, 'max_features': 'sqrt', 'min_samples_leaf': 4, 'min_samples_split': 2, 'n_estimators': 100};0.9606694346918332;0.9612855754442688;0.9606158779360567;0.9592961477533305;0.9623714645628119;0.9608477000776603;0.0010006425646699965;321
